เลขกลุ่มสาระ, ชื่อกลุ่มสาระ, เลขสาระ,ชื่อสาระ,หมวดมาตรฐาน,เลขมาตรฐาน,ชื่อมาตรฐาน,กลุ่มที่, เลขตัวชี้วัดระหว่างทาง, รายละเอียดตัวชี้วัดนะหว่างทาง,เลขตัวชี้วัดปลายทาง,รายละเอียดตัวชี้วัดปลายทาง
เลขกลุ่มสาระ,กลุ่มสาระการเรียนรู้ศิลปะ,1,ทัศนศิลป์,ศ 1,ศ 1.1,1.1 สร้างสรรค์งานทัศนศิลป์ตามจินตนาการ และความคิดสร้างสรรค์ วิเคราะห์ วิพากษ์วิจารณ์ คุณค่า งานทัศนศิลป์ ถ่ายทอดความรู้สึก ความคิดต่องานศิลปะอย่างอิสระ ชื่นชม และประยุกต์ใช้ ในชีวิตประจำวัน,1,ศ 1.1 ป.1/1 ,อภิปรายเกี่ยวกับรูปร่าง ลักษณะและขนาดของ สิ่งต่าง ๆ รอบตัว ในธรรมชาติและสิ่งที่มนุษย์สร้างขึ้น,ศ 1.1 ป.1/5,วาดภาพระบายสีภาพธรรมชาติตามความรู้สึกของตนเอง
เลขกลุ่มสาระ,กลุ่มสาระการเรียนรู้ศิลปะ,1,ทัศนศิลป์,ศ 1,ศ 1.1,1.1 สร้างสรรค์งานทัศนศิลป์ตามจินตนาการ และความคิดสร้างสรรค์ วิเคราะห์ วิพากษ์วิจารณ์ คุณค่า งานทัศนศิลป์ ถ่ายทอดความรู้สึก ความคิดต่องานศิลปะอย่างอิสระ ชื่นชม และประยุกต์ใช้ ในชีวิตประจำวัน,1,ศ 1.1 ป.1/2,บอกความรู้สึกที่มีต่อธรรมชาติ และสิ่งแวดล้อมรอบตัว,ศ 1.1 ป.1/5,วาดภาพระบายสีภาพธรรมชาติตามความรู้สึกของตนเอง
เลขกลุ่มสาระ,กลุ่มสาระการเรียนรู้ศิลปะ,1,ทัศนศิลป์,ศ 1,ศ 1.1,1.1 สร้างสรรค์งานทัศนศิลป์ตามจินตนาการ และความคิดสร้างสรรค์ วิเคราะห์ วิพากษ์วิจารณ์ คุณค่า งานทัศนศิลป์ ถ่ายทอดความรู้สึก ความคิดต่องานศิลปะอย่างอิสระ ชื่นชม และประยุกต์ใช้ ในชีวิตประจำวัน,2,ศ 1.1 ป.1/3,มีทักษะพื้นฐานในการใช้วัสดุ อุปกรณ์สร้างงาน ทัศนศิลป์,ศ 1.1 ป.1/4,สร้างงานทัศนศิลป์ โดย การทดลองใช้สี ด้วยเทคนิค ง่าย ๆ
เลขกลุ่มสาระ,กลุ่มสาระการเรียนรู้ศิลปะ,1,ทัศนศิลป์,ศ 1,ศ 1.2,1.2 เข้าใจความสัมพันธ์ระหว่างทัศนศิลป์ ประวัติศาสตร์ และวัฒนธรรม เห็นคุณค่างานทัศนศิลป์ ที่เป็นมรดกทางวัฒนธรรม ภูมิปัญญาท้องถิ่น ภูมิปัญญาไทย และสากล,3,-,-,ศ 1.2 ป.1/1 ,ระบุงานทัศนศิลป์ ในชีวิตประจําวัน
เลขกลุ่มสาระ,กลุ่มสาระการเรียนรู้ศิลปะ,2,ดนตรี,ศ 2,ศ 2.1,2.1 เข้าใจและแสดงออกทางดนตรีอย่างสร้างสรรค์ วิเคราะห์ วิพากษ์วิจารณ์ คุณค่าดนตรี ถ่ายทอดความรู้สึก ความคิดต่อดนตรีอย่างอิสระ ชื่นชม และประยุกต์ใช้ในชีวิตประจำวัน,4,ศ 2.1 ป.1/1 ,รู้ว่าสิ่งต่าง ๆ สามารถก่อกําเนิดเสียง ที่แตกต่างกัน,ศ 2.1 ป.1/2,บอกลักษณะของเสียง ดัง - เบา และความช้า - เร็ว ของจังหวะ
เลขกลุ่มสาระ,กลุ่มสาระการเรียนรู้ศิลปะ,2,ดนตรี,ศ 2,ศ 2.1,2.1 เข้าใจและแสดงออกทางดนตรีอย่างสร้างสรรค์ วิเคราะห์ วิพากษ์วิจารณ์ คุณค่าดนตรี ถ่ายทอดความรู้สึก ความคิดต่อดนตรีอย่างอิสระ ชื่นชม และประยุกต์ใช้ในชีวิตประจำวัน,5,ศ 2.1 ป.1/3,ท่องบทกลอน ร้องเพลงง่าย ๆ,ศ 2.1 ป.1/4,มีส่วนร่วมในกิจกรรมดนตรี อย่างสนุกสนาน
เลขกลุ่มสาระ,กลุ่มสาระการเรียนรู้ศิลปะ,2,ดนตรี,ศ 2,ศ 2.2,2.2 เข้าใจความสัมพันธ์ระหว่างดนตรี ประวัติศาสตร์ และวัฒนธรรม เห็นคุณค่าของดนตรีที่เป็น มรดกทางวัฒนธรรม ภูมิปัญญาท้องถิ่น ภูมิปัญญาไทยและสากล,5,ศ 2.1 ป.1/5,บอกความเกี่ยวข้องของเพลง ที่ใช้ในชีวิตประจําวัน,ศ 2.1 ป.1/4,มีส่วนร่วมในกิจกรรมดนตรี อย่างสนุกสนาน
เลขกลุ่มสาระ,กลุ่มสาระการเรียนรู้ศิลปะ,2,ดนตรี,ศ 2,ศ 2.2,2.2 เข้าใจความสัมพันธ์ระหว่างดนตรี ประวัติศาสตร์ และวัฒนธรรม เห็นคุณค่าของดนตรีที่เป็น มรดกทางวัฒนธรรม ภูมิปัญญาท้องถิ่น ภูมิปัญญาไทยและสากล,5,ศ 2.2 ป.1/1 ,เล่าถึงเพลงในท้องถิ่น,ศ 2.1 ป.1/4,มีส่วนร่วมในกิจกรรมดนตรี อย่างสนุกสนาน
เลขกลุ่มสาระ,กลุ่มสาระการเรียนรู้ศิลปะ,2,ดนตรี,ศ 2,ศ 2.2,2.2 เข้าใจความสัมพันธ์ระหว่างดนตรี ประวัติศาสตร์ และวัฒนธรรม เห็นคุณค่าของดนตรีที่เป็น มรดกทางวัฒนธรรม ภูมิปัญญาท้องถิ่น ภูมิปัญญาไทยและสากล,5,ศ 2.2 ป.1/2,ระบุสิ่งที่ชื่นชอบในดนตรีท้องถิ่น,ศ 2.1 ป.1/4,มีส่วนร่วมในกิจกรรมดนตรี อย่างสนุกสนาน
เลขกลุ่มสาระ,กลุ่มสาระการเรียนรู้ศิลปะ,3,นาฏศิลป์,ศ 3,ศ 3.1,3.1 เข้าใจและแสดงออกทางนาฏศิลป์อย่างสร้างสรรค์ วิเคราะห์ วิพากษ์วิจารณ์ คุณค่านาฏศิลป์ ถ่ายทอดความรู้สึก ความคิดอย่างอิสระ ชื่นชม และประยุกต์ใช้ในชีวิตประจำวัน,6,ศ 3.1 ป.1/1 ,เลียนแบบการเคลื่อนไหว,ศ 3.1 ป.1/2 ,แสดงท่าทางง่าย ๆ เพื่อสื่อความหมาย แทนคําพูด
เลขกลุ่มสาระ,กลุ่มสาระการเรียนรู้ศิลปะ,3,นาฏศิลป์,ศ 3,ศ 3.1,3.1 เข้าใจและแสดงออกทางนาฏศิลป์อย่างสร้างสรรค์ วิเคราะห์ วิพากษ์วิจารณ์ คุณค่านาฏศิลป์ ถ่ายทอดความรู้สึก ความคิดอย่างอิสระ ชื่นชม และประยุกต์ใช้ในชีวิตประจำวัน,6,ศ 3.1 ป.1/3,บอกสิ่งที่ตนเองชอบ จากการดูหรือร่วมการแสดง,ศ 3.1 ป.1/2 ,แสดงท่าทางง่าย ๆ เพื่อสื่อความหมาย แทนคําพูด
เลขกลุ่มสาระ,กลุ่มสาระการเรียนรู้ศิลปะ,3,นาฏศิลป์,ศ 3,ศ 3.2,3.2 เข้าใจความสัมพันธ์ระหว่างนาฏศิลป์ ประวัติศาสตร์ และวัฒนธรรม เห็นคุณค่าของนาฏศิลป์ ที่เป็นมรดกทางวัฒนธรรม ภูมิปัญญาท้องถิ่น ภูมิปัญญาไทยและสากล,7,ศ 3.2 ป.1/2 ,บอกสิ่งที่ตนเองชอบในการแสดงนาฏศิลป์,ศ 3.2 ป.1/1,ระบุ และเล่น การละเล่นของเด็กไทย
เลขกลุ่มสาระ,กลุ่มสาระการเรียนรู้ศิลปะ,1,ทัศนศิลป์,ศ 1,ศ 1.1,1.1 สร้างสรรค์งานทัศนศิลป์ตามจินตนาการ และความคิดสร้างสรรค์ วิเคราะห์ วิพากษ์วิจารณ์ คุณค่า งานทัศนศิลป์ ถ่ายทอดความรู้สึก ความคิดต่องานศิลปะอย่างอิสระ ชื่นชม และประยุกต์ใช้ ในชีวิตประจำวัน,1,ศ 1.1 ป.2/1 ,บรรยายรูปร่าง รูปทรงที่พบในธรรมชาติและ สิ่งแวดล้อม,ศ 1.1 ป.2/3,สร้างงานทัศนศิลป์ ต่าง ๆ โดยใช้ทัศนธาตุที่เน้นเส้นรูปร่าง
เลขกลุ่มสาระ,กลุ่มสาระการเรียนรู้ศิลปะ,1,ทัศนศิลป์,ศ 1,ศ 1.1,1.1 สร้างสรรค์งานทัศนศิลป์ตามจินตนาการ และความคิดสร้างสรรค์ วิเคราะห์ วิพากษ์วิจารณ์ คุณค่า งานทัศนศิลป์ ถ่ายทอดความรู้สึก ความคิดต่องานศิลปะอย่างอิสระ ชื่นชม และประยุกต์ใช้ ในชีวิตประจำวัน,1,ศ 1.1 ป.2/2,ระบุทัศนธาตุที่อยู่ในสิ่งแวดล้อม และงานทัศนศิลป์  โดยเน้นเรื่องเส้น สี รูปร่าง และรูปทรง,ศ 1.1 ป.2/3,สร้างงานทัศนศิลป์ ต่าง ๆ โดยใช้ทัศนธาตุที่เน้นเส้นรูปร่าง
เลขกลุ่มสาระ,กลุ่มสาระการเรียนรู้ศิลปะ,1,ทัศนศิลป์,ศ 1,ศ 1.1,1.1 สร้างสรรค์งานทัศนศิลป์ตามจินตนาการ และความคิดสร้างสรรค์ วิเคราะห์ วิพากษ์วิจารณ์ คุณค่า งานทัศนศิลป์ ถ่ายทอดความรู้สึก ความคิดต่องานศิลปะอย่างอิสระ ชื่นชม และประยุกต์ใช้ ในชีวิตประจำวัน,2,ศ 1.1 ป.2/4,มีทักษะพื้นฐานในการใช้วัสดุ อุปกรณ์ สร้างงานทัศนศิลป์ 3 มิติ,ศ 1.1 ป.2/8,สร้างสรรค์งานทัศนศิลป์ เป็นรูปแบบงานโครงสร้างเคลื่อนไหว
เลขกลุ่มสาระ,กลุ่มสาระการเรียนรู้ศิลปะ,1,ทัศนศิลป์,ศ 1,ศ 1.1,1.1 สร้างสรรค์งานทัศนศิลป์ตามจินตนาการ และความคิดสร้างสรรค์ วิเคราะห์ วิพากษ์วิจารณ์ คุณค่า งานทัศนศิลป์ ถ่ายทอดความรู้สึก ความคิดต่องานศิลปะอย่างอิสระ ชื่นชม และประยุกต์ใช้ ในชีวิตประจำวัน,3,-,-,ศ 1.1 ป.2/5,สร้างภาพปะติดโดยการตัดหรือฉีกกระดาษ
เลขกลุ่มสาระ,กลุ่มสาระการเรียนรู้ศิลปะ,1,ทัศนศิลป์,ศ 1,ศ 1.1,1.1 สร้างสรรค์งานทัศนศิลป์ตามจินตนาการ และความคิดสร้างสรรค์ วิเคราะห์ วิพากษ์วิจารณ์ คุณค่า งานทัศนศิลป์ ถ่ายทอดความรู้สึก ความคิดต่องานศิลปะอย่างอิสระ ชื่นชม และประยุกต์ใช้ ในชีวิตประจำวัน,4,ศ 1.1 ป.2/6,วาดภาพเพื่อถ่ายทอดเรื่องราวเกี่ยวกับครอบครัวของตนเองและเพื่อนบ้าน,ศ 1.1 ป.2/7,เลือกงานทัศนศิลป์และบรรยายถึงสิ่งที่มองเห็นรวมถึงเนื้อหาเรื่องราว
เลขกลุ่มสาระ,กลุ่มสาระการเรียนรู้ศิลปะ,1,ทัศนศิลป์,ศ 1,ศ 1.2,1.2 เข้าใจความสัมพันธ์ระหว่างทัศนศิลป์ ประวัติศาสตร์ และวัฒนธรรม เห็นคุณค่างานทัศนศิลป์ ที่เป็นมรดกทางวัฒนธรรม ภูมิปัญญาท้องถิ่น ภูมิปัญญาไทย และสากล,5,ศ 1.2 ป.2/1 ,บอกความสําคัญของงานทัศนศิลป์ที่พบเห็นในชีวิตประจําวัน,ศ 1.2 ป.2/2,อภิปรายเกี่ยวกับ งานทัศนศิลป์ประเภทต่าง ๆ ในท้องถิ่น โดยเน้นถึงวิธีการ สร้างงานและวัสดุอุปกรณ์ ที่ใช้
เลขกลุ่มสาระ,กลุ่มสาระการเรียนรู้ศิลปะ,2,ดนตรี,ศ 2,ศ 2.1,2.1 เข้าใจและแสดงออกทางดนตรีอย่างสร้างสรรค์ วิเคราะห์ วิพากษ์วิจารณ์ คุณค่าดนตรี ถ่ายทอดความรู้สึก ความคิดต่อดนตรีอย่างอิสระ ชื่นชม และประยุกต์ใช้ในชีวิตประจำวัน,6,ศ 2.1 ป.2/1 ,จําแนกแหล่งกําเนิดของเสียงที่ได้ยิน,ศ 2.2 ป.2/1 ,บอกความสัมพันธ์ ของเสียงร้องเสียงเครื่องดนตรี ในเพลงท้องถิ่นโดยใช้คําง่าย ๆ
เลขกลุ่มสาระ,กลุ่มสาระการเรียนรู้ศิลปะ,2,ดนตรี,ศ 2,ศ 2.2,2.2 เข้าใจความสัมพันธ์ระหว่างดนตรี ประวัติศาสตร์ และวัฒนธรรม เห็นคุณค่าของดนตรีที่เป็น มรดกทางวัฒนธรรม ภูมิปัญญาท้องถิ่น ภูมิปัญญาไทยและสากล,6,ศ 2.1 ป.2/2,จําแนกคุณสมบัติของเสียงสูง - ต่ํา ดัง - เบา ยาว - สั้น ของดนตรี,ศ 2.2 ป.2/1 ,บอกความสัมพันธ์ ของเสียงร้องเสียงเครื่องดนตรี ในเพลงท้องถิ่นโดยใช้คําง่าย ๆ
เลขกลุ่มสาระ,กลุ่มสาระการเรียนรู้ศิลปะ,2,ดนตรี,ศ 2,ศ 2.2,2.2 เข้าใจความสัมพันธ์ระหว่างดนตรี ประวัติศาสตร์ และวัฒนธรรม เห็นคุณค่าของดนตรีที่เป็น มรดกทางวัฒนธรรม ภูมิปัญญาท้องถิ่น ภูมิปัญญาไทยและสากล,7,ศ 2.1 ป.2/3,เคาะจังหวะหรือเคลื่อนไหวร่างกายให้สอดคล้องกับเนื้อหาของเพลง,ศ 2.1 ป.2/4,ร้องเพลงง่าย ๆ ที่เหมาะสมกับวัย
เลขกลุ่มสาระ,กลุ่มสาระการเรียนรู้ศิลปะ,2,ดนตรี,ศ 2,ศ 2.2,2.2 เข้าใจความสัมพันธ์ระหว่างดนตรี ประวัติศาสตร์ และวัฒนธรรม เห็นคุณค่าของดนตรีที่เป็น มรดกทางวัฒนธรรม ภูมิปัญญาท้องถิ่น ภูมิปัญญาไทยและสากล,7,ศ 2.1 ป.2/5,บอกความหมายและความสําคัญของ เพลงที่ได้ยิน,ศ 2.1 ป.2/4,ร้องเพลงง่าย ๆ ที่เหมาะสมกับวัย
เลขกลุ่มสาระ,กลุ่มสาระการเรียนรู้ศิลปะ,2,ดนตรี,ศ 2,ศ 2.2,2.2 เข้าใจความสัมพันธ์ระหว่างดนตรี ประวัติศาสตร์ และวัฒนธรรม เห็นคุณค่าของดนตรีที่เป็น มรดกทางวัฒนธรรม ภูมิปัญญาท้องถิ่น ภูมิปัญญาไทยและสากล,7,ศ 2.2 ป.2/2,แสดงและเข้าร่วมกิจกรรมทางดนตรีในท้องถิ่น,ศ 2.1 ป.2/4,ร้องเพลงง่าย ๆ ที่เหมาะสมกับวัย
เลขกลุ่มสาระ,กลุ่มสาระการเรียนรู้ศิลปะ,3,นาฏศิลป์,ศ 3,ศ 3.1,3.1 เข้าใจและแสดงออกทางนาฏศิลป์อย่างสร้างสรรค์ วิเคราะห์ วิพากษ์วิจารณ์ คุณค่านาฏศิลป์ ถ่ายทอดความรู้สึก ความคิดอย่างอิสระ ชื่นชม และประยุกต์ใช้ในชีวิตประจำวัน,8,ศ 3.1 ป.2/1 ,เคลื่อนไหวขณะอยู่กับที่และเคลื่อนที่,ศ 3.1 ป.2/4,แสดงท่าทางประกอบจังหวะ อย่างสร้างสรรค์
เลขกลุ่มสาระ,กลุ่มสาระการเรียนรู้ศิลปะ,3,นาฏศิลป์,ศ 3,ศ 3.1,3.1 เข้าใจและแสดงออกทางนาฏศิลป์อย่างสร้างสรรค์ วิเคราะห์ วิพากษ์วิจารณ์ คุณค่านาฏศิลป์ ถ่ายทอดความรู้สึก ความคิดอย่างอิสระ ชื่นชม และประยุกต์ใช้ในชีวิตประจำวัน,8,ศ 3.1 ป.2/2,แสดงการเคลื่อนไหวที่สะท้อนอารมณ์ของตนเองอย่างอิสระ,ศ 3.1 ป.2/4,แสดงท่าทางประกอบจังหวะ อย่างสร้างสรรค์
เลขกลุ่มสาระ,กลุ่มสาระการเรียนรู้ศิลปะ,3,นาฏศิลป์,ศ 3,ศ 3.1,3.1 เข้าใจและแสดงออกทางนาฏศิลป์อย่างสร้างสรรค์ วิเคราะห์ วิพากษ์วิจารณ์ คุณค่านาฏศิลป์ ถ่ายทอดความรู้สึก ความคิดอย่างอิสระ ชื่นชม และประยุกต์ใช้ในชีวิตประจำวัน,8,ศ 3.1 ป.2/3,แสดงท่าทาง เพื่อสื่อความหมาย แทนคําพูด,ศ 3.1 ป.2/4,แสดงท่าทางประกอบจังหวะ อย่างสร้างสรรค์
เลขกลุ่มสาระ,กลุ่มสาระการเรียนรู้ศิลปะ,3,นาฏศิลป์,ศ 3,ศ 3.1,3.1 เข้าใจและแสดงออกทางนาฏศิลป์อย่างสร้างสรรค์ วิเคราะห์ วิพากษ์วิจารณ์ คุณค่านาฏศิลป์ ถ่ายทอดความรู้สึก ความคิดอย่างอิสระ ชื่นชม และประยุกต์ใช้ในชีวิตประจำวัน,8,ศ 3.1 ป.2/5,ระบุมารยาทในการชมการแสดง,ศ 3.1 ป.2/4,แสดงท่าทางประกอบจังหวะ อย่างสร้างสรรค์
เลขกลุ่มสาระ,กลุ่มสาระการเรียนรู้ศิลปะ,3,นาฏศิลป์,ศ 3,ศ 3.2,3.2 เข้าใจความสัมพันธ์ระหว่างนาฏศิลป์ ประวัติศาสตร์ และวัฒนธรรม เห็นคุณค่าของนาฏศิลป์ ที่เป็นมรดกทางวัฒนธรรม ภูมิปัญญาท้องถิ่น ภูมิปัญญาไทยและสากล,9,ศ 3.2 ป.2/1 ,ระบุและเล่นการละเล่นพื้นบ้าน,ศ 3.2 ป.2/2,เชื่อมโยงสิ่งที่พบเห็นในการละเล่นพื้นบ้านกับสิ่งที่พบเห็นในการดํารงชีวิตของคนไทย
เลขกลุ่มสาระ,กลุ่มสาระการเรียนรู้ศิลปะ,3,นาฏศิลป์,ศ 3,ศ 3.2,3.2 เข้าใจความสัมพันธ์ระหว่างนาฏศิลป์ ประวัติศาสตร์ และวัฒนธรรม เห็นคุณค่าของนาฏศิลป์ ที่เป็นมรดกทางวัฒนธรรม ภูมิปัญญาท้องถิ่น ภูมิปัญญาไทยและสากล,9,ศ 3.2 ป.2/3,ระบุสิ่งที่ชื่นชอบและภาคภูมิใจในการละเล่นพื้นบ้าน,ศ 3.2 ป.2/2,เชื่อมโยงสิ่งที่พบเห็นในการละเล่นพื้นบ้านกับสิ่งที่พบเห็นในการดํารงชีวิตของคนไทย
เลขกลุ่มสาระ,กลุ่มสาระการเรียนรู้ศิลปะ,1,ทัศนศิลป์,ศ 1,ศ 1.1,1.1 สร้างสรรค์งานทัศนศิลป์ตามจินตนาการ และความคิดสร้างสรรค์ วิเคราะห์ วิพากษ์วิจารณ์ คุณค่า งานทัศนศิลป์ ถ่ายทอดความรู้สึก ความคิดต่องานศิลปะอย่างอิสระ ชื่นชม และประยุกต์ใช้ ในชีวิตประจำวัน,1,ศ 1.1 ป.3/1,บรรยาย รูปร่าง รูปทรงในธรรมชาติสิ่งแวดล้อม และงานทัศนศิลป์,ศ 1.1 ป.3/6,วาดภาพถ่ายทอด ความคิดความรู้สึกจากเหตุการณ์ ชีวิตจริง โดยใช้เส้น รูปร่าง รูปทรง สีและพื้นผิว
เลขกลุ่มสาระ,กลุ่มสาระการเรียนรู้ศิลปะ,1,ทัศนศิลป์,ศ 1,ศ 1.1,1.1 สร้างสรรค์งานทัศนศิลป์ตามจินตนาการ และความคิดสร้างสรรค์ วิเคราะห์ วิพากษ์วิจารณ์ คุณค่า งานทัศนศิลป์ ถ่ายทอดความรู้สึก ความคิดต่องานศิลปะอย่างอิสระ ชื่นชม และประยุกต์ใช้ ในชีวิตประจำวัน,1,ศ 1.1 ป.3/3,จําแนกทัศนธาตุของสิ่งต่าง ๆ ในธรรมชาติ สิ่งแวดล้อมและงานทัศนศิลป์ โดยเน้นเรื่อง เส้น สี รูปร่าง รูปทรง และพื้นผิว,ศ 1.1 ป.3/6,วาดภาพถ่ายทอด ความคิดความรู้สึกจากเหตุการณ์ ชีวิตจริง โดยใช้เส้น รูปร่าง รูปทรง สีและพื้นผิว
เลขกลุ่มสาระ,กลุ่มสาระการเรียนรู้ศิลปะ,1,ทัศนศิลป์,ศ 1,ศ 1.1,1.1 สร้างสรรค์งานทัศนศิลป์ตามจินตนาการ และความคิดสร้างสรรค์ วิเคราะห์ วิพากษ์วิจารณ์ คุณค่า งานทัศนศิลป์ ถ่ายทอดความรู้สึก ความคิดต่องานศิลปะอย่างอิสระ ชื่นชม และประยุกต์ใช้ ในชีวิตประจำวัน,1,ศ 1.1 ป.3/10,บรรยายลักษณะรูปร่าง รูปทรง ในงานการ ออกแบบสิ่งต่าง ๆ ที่มีในบ้านและโรงเรียน,ศ 1.1 ป.3/6,วาดภาพถ่ายทอด ความคิดความรู้สึกจากเหตุการณ์ ชีวิตจริง โดยใช้เส้น รูปร่าง รูปทรง สีและพื้นผิว
เลขกลุ่มสาระ,กลุ่มสาระการเรียนรู้ศิลปะ,1,ทัศนศิลป์,ศ 1,ศ 1.1,1.1 สร้างสรรค์งานทัศนศิลป์ตามจินตนาการ และความคิดสร้างสรรค์ วิเคราะห์ วิพากษ์วิจารณ์ คุณค่า งานทัศนศิลป์ ถ่ายทอดความรู้สึก ความคิดต่องานศิลปะอย่างอิสระ ชื่นชม และประยุกต์ใช้ ในชีวิตประจำวัน,2,ศ 1.1 ป.3/2,ระบุ วัสดุ อุปกรณ์ที่ใช้สร้างผลงาน เมื่อชมงาน ทัศนศิลป์,ศ 1.1 ป.3/7,บรรยายเหตุผลและวิธีการในการสร้างงานทัศนศิลป์ โดยเน้นถึงเทคนิคและวัสดุอุปกรณ์
เลขกลุ่มสาระ,กลุ่มสาระการเรียนรู้ศิลปะ,1,ทัศนศิลป์,ศ 1,ศ 1.1,1.1 สร้างสรรค์งานทัศนศิลป์ตามจินตนาการ และความคิดสร้างสรรค์ วิเคราะห์ วิพากษ์วิจารณ์ คุณค่า งานทัศนศิลป์ ถ่ายทอดความรู้สึก ความคิดต่องานศิลปะอย่างอิสระ ชื่นชม และประยุกต์ใช้ ในชีวิตประจำวัน,2,ศ 1.1 ป.3/5,มีทักษะพื้นฐาน ในการใช้วัสดุอุปกรณ์สร้างสรรค์งานปั้น,ศ 1.1 ป.3/7,บรรยายเหตุผลและวิธีการในการสร้างงานทัศนศิลป์ โดยเน้นถึงเทคนิคและวัสดุอุปกรณ์
เลขกลุ่มสาระ,กลุ่มสาระการเรียนรู้ศิลปะ,1,ทัศนศิลป์,ศ 1,ศ 1.1,1.1 สร้างสรรค์งานทัศนศิลป์ตามจินตนาการ และความคิดสร้างสรรค์ วิเคราะห์ วิพากษ์วิจารณ์ คุณค่า งานทัศนศิลป์ ถ่ายทอดความรู้สึก ความคิดต่องานศิลปะอย่างอิสระ ชื่นชม และประยุกต์ใช้ ในชีวิตประจำวัน,3,ศ 1.1 ป.3/4,วาดภาพ ระบายสีสิ่งของรอบตัว,ศ 1.1 ป.3/8,ระบุสิ่งที่ชื่นชมและสิ่งที่ควรปรับปรุงในงานทัศนศิลป์ของตนเอง
เลขกลุ่มสาระ,กลุ่มสาระการเรียนรู้ศิลปะ,1,ทัศนศิลป์,ศ 1,ศ 1.1,1.1 สร้างสรรค์งานทัศนศิลป์ตามจินตนาการ และความคิดสร้างสรรค์ วิเคราะห์ วิพากษ์วิจารณ์ คุณค่า งานทัศนศิลป์ ถ่ายทอดความรู้สึก ความคิดต่องานศิลปะอย่างอิสระ ชื่นชม และประยุกต์ใช้ ในชีวิตประจำวัน,3,ศ 1.1 ป.3/9,ระบุ และจัดกลุ่มของภาพตามทัศนธาตุที่เน้น ในงานทัศนศิลป์นั้น ๆ,ศ 1.1 ป.3/8,ระบุสิ่งที่ชื่นชมและสิ่งที่ควรปรับปรุงในงานทัศนศิลป์ของตนเอง
เลขกลุ่มสาระ,กลุ่มสาระการเรียนรู้ศิลปะ,1,ทัศนศิลป์,ศ 1,ศ 1.2,1.2 เข้าใจความสัมพันธ์ระหว่างทัศนศิลป์ ประวัติศาสตร์ และวัฒนธรรม เห็นคุณค่างานทัศนศิลป์ ที่เป็นมรดกทางวัฒนธรรม ภูมิปัญญาท้องถิ่น ภูมิปัญญาไทย และสากล,4,ศ 1.2 ป.3/1,เล่าถึงที่มาของงานทัศนศิลป์ในท้องถิ่น,ศ 1.2 ป.3/2,อธิบายเกี่ยวกับวัสดุอุปกรณ์และวิธีการสร้างงานทัศนศิลป์ในท้องถิ่น
เลขกลุ่มสาระ,กลุ่มสาระการเรียนรู้ศิลปะ,2,ดนตรี,ศ 1,ศ 1.1,1.1 สร้างสรรค์งานทัศนศิลป์ตามจินตนาการ และความคิดสร้างสรรค์ วิเคราะห์ วิพากษ์วิจารณ์ คุณค่า งานทัศนศิลป์ ถ่ายทอดความรู้สึก ความคิดต่องานศิลปะอย่างอิสระ ชื่นชม และประยุกต์ใช้ ในชีวิตประจำวัน,5,ศ 2.1 ป.3/1,ระบุรูปร่างลักษณะของเครื่องดนตรี ที่เห็นและ ได้ยินในชีวิตประจําวัน,ศ 2.1 ป.3/4,ขับร้องและบรรเลง ดนตรีง่าย ๆ
เลขกลุ่มสาระ,กลุ่มสาระการเรียนรู้ศิลปะ,2,ดนตรี,ศ 1,ศ 1.1,1.1 สร้างสรรค์งานทัศนศิลป์ตามจินตนาการ และความคิดสร้างสรรค์ วิเคราะห์ วิพากษ์วิจารณ์ คุณค่า งานทัศนศิลป์ ถ่ายทอดความรู้สึก ความคิดต่องานศิลปะอย่างอิสระ ชื่นชม และประยุกต์ใช้ ในชีวิตประจำวัน,5,ศ 2.1 ป.3/2,ใช้รูปภาพหรือสัญลักษณ์แทนเสียง และจังหวะเคาะ,ศ 2.1 ป.3/4,ขับร้องและบรรเลง ดนตรีง่าย ๆ
เลขกลุ่มสาระ,กลุ่มสาระการเรียนรู้ศิลปะ,2,ดนตรี,ศ 1,ศ 1.1,1.1 สร้างสรรค์งานทัศนศิลป์ตามจินตนาการ และความคิดสร้างสรรค์ วิเคราะห์ วิพากษ์วิจารณ์ คุณค่า งานทัศนศิลป์ ถ่ายทอดความรู้สึก ความคิดต่องานศิลปะอย่างอิสระ ชื่นชม และประยุกต์ใช้ ในชีวิตประจำวัน,5,ศ 2.1 ป.3/3,บอกบทบาทหน้าที่ของเพลงที่ได้ยิน,ศ 2.1 ป.3/4,ขับร้องและบรรเลง ดนตรีง่าย ๆ
เลขกลุ่มสาระ,กลุ่มสาระการเรียนรู้ศิลปะ,2,ดนตรี,ศ 1,ศ 1.1,1.1 สร้างสรรค์งานทัศนศิลป์ตามจินตนาการ และความคิดสร้างสรรค์ วิเคราะห์ วิพากษ์วิจารณ์ คุณค่า งานทัศนศิลป์ ถ่ายทอดความรู้สึก ความคิดต่องานศิลปะอย่างอิสระ ชื่นชม และประยุกต์ใช้ ในชีวิตประจำวัน,5,ศ 2.1 ป.3/5,เคลื่อนไหวท่าทางสอดคล้องกับอารมณ์ของ เพลงที่ฟัง,ศ 2.1 ป.3/4,ขับร้องและบรรเลง ดนตรีง่าย ๆ
เลขกลุ่มสาระ,กลุ่มสาระการเรียนรู้ศิลปะ,2,ดนตรี,ศ 1,ศ 1.1,1.1 สร้างสรรค์งานทัศนศิลป์ตามจินตนาการ และความคิดสร้างสรรค์ วิเคราะห์ วิพากษ์วิจารณ์ คุณค่า งานทัศนศิลป์ ถ่ายทอดความรู้สึก ความคิดต่องานศิลปะอย่างอิสระ ชื่นชม และประยุกต์ใช้ ในชีวิตประจำวัน,5,ศ 2.1 ป.3/6,แสดงความคิดเห็นเกี่ยวกับเสียงดนตรี เสียงขับร้อง ของตนเองและผู้อื่น,ศ 2.1 ป.3/4,ขับร้องและบรรเลง ดนตรีง่าย ๆ
เลขกลุ่มสาระ,กลุ่มสาระการเรียนรู้ศิลปะ,2,ดนตรี,ศ 1,ศ 1.1,1.1 สร้างสรรค์งานทัศนศิลป์ตามจินตนาการ และความคิดสร้างสรรค์ วิเคราะห์ วิพากษ์วิจารณ์ คุณค่า งานทัศนศิลป์ ถ่ายทอดความรู้สึก ความคิดต่องานศิลปะอย่างอิสระ ชื่นชม และประยุกต์ใช้ ในชีวิตประจำวัน,5,ศ 2.1 ป.3/7,นําดนตรีไปใช้ในชีวิตประจําวันหรือโอกาสต่าง ๆ ได้อย่างเหมาะสม,ศ 2.1 ป.3/4,ขับร้องและบรรเลง ดนตรีง่าย ๆ
เลขกลุ่มสาระ,กลุ่มสาระการเรียนรู้ศิลปะ,2,ดนตรี,ศ 2,ศ 2.2,2.2 เข้าใจความสัมพันธ์ระหว่างดนตรี ประวัติศาสตร์ และวัฒนธรรม เห็นคุณค่าของดนตรีที่เป็น มรดกทางวัฒนธรรม ภูมิปัญญาท้องถิ่น ภูมิปัญญาไทยและสากล,6,ศ 2.2 ป.3/1,ระบุลักษณะเด่นและเอกลักษณ์ของดนตรีในท้องถิ่น,ศ 2.2 ป.3/2,ระบุวามสําคัญและประโยชน์ของดนตรีต่อการดําเนินชีวิตของคนในท้องถิ่น
เลขกลุ่มสาระ,กลุ่มสาระการเรียนรู้ศิลปะ,3,นาฏศิลป์,ศ 3,ศ 3.1,3.1 เข้าใจและแสดงออกทางนาฏศิลป์อย่างสร้างสรรค์ วิเคราะห์ วิพากษ์วิจารณ์ คุณค่านาฏศิลป์ ถ่ายทอดความรู้สึก ความคิดอย่างอิสระ ชื่นชม และประยุกต์ใช้ในชีวิตประจำวัน,7,ศ 3.1 ป.3/1,สร้างสรรค์การเคลื่อนไหว ในรูปแบบต่าง ๆ ในสถานการณ์สั้น ๆ,ศ 3.1 ป.3/2,แสดงท่าทางประกอบเพลงตามรูปแบบนาฏศิลป์
เลขกลุ่มสาระ,กลุ่มสาระการเรียนรู้ศิลปะ,3,นาฏศิลป์,ศ 3,ศ 3.1,3.1 เข้าใจและแสดงออกทางนาฏศิลป์อย่างสร้างสรรค์ วิเคราะห์ วิพากษ์วิจารณ์ คุณค่านาฏศิลป์ ถ่ายทอดความรู้สึก ความคิดอย่างอิสระ ชื่นชม และประยุกต์ใช้ในชีวิตประจำวัน,7,ศ 3.1 ป.3/3,เปรียบเทียบบทบาทหน้าที่ของผู้แสดงและผู้ชม,ศ 3.1 ป.3/2,แสดงท่าทางประกอบเพลงตามรูปแบบนาฏศิลป์
เลขกลุ่มสาระ,กลุ่มสาระการเรียนรู้ศิลปะ,3,นาฏศิลป์,ศ 3,ศ 3.1,3.1 เข้าใจและแสดงออกทางนาฏศิลป์อย่างสร้างสรรค์ วิเคราะห์ วิพากษ์วิจารณ์ คุณค่านาฏศิลป์ ถ่ายทอดความรู้สึก ความคิดอย่างอิสระ ชื่นชม และประยุกต์ใช้ในชีวิตประจำวัน,7,ศ 3.1 ป.3/4,มีส่วนร่วมในกิจกรรม การแสดงที่เหมาะสมกับวัย,ศ 3.1 ป.3/2,แสดงท่าทางประกอบเพลงตามรูปแบบนาฏศิลป์
เลขกลุ่มสาระ,กลุ่มสาระการเรียนรู้ศิลปะ,3,นาฏศิลป์,ศ 3,ศ 3.1,3.1 เข้าใจและแสดงออกทางนาฏศิลป์อย่างสร้างสรรค์ วิเคราะห์ วิพากษ์วิจารณ์ คุณค่านาฏศิลป์ ถ่ายทอดความรู้สึก ความคิดอย่างอิสระ ชื่นชม และประยุกต์ใช้ในชีวิตประจำวัน,7,ศ 3.1 ป.3/5,บอกประโยชน์ของการแสดงนาฏศิลป์ในชีวิตประจําวัน,ศ 3.1 ป.3/2,แสดงท่าทางประกอบเพลงตามรูปแบบนาฏศิลป์
เลขกลุ่มสาระ,กลุ่มสาระการเรียนรู้ศิลปะ,3,นาฏศิลป์,ศ 3,ศ 3.2,3.2 เข้าใจความสัมพันธ์ระหว่างนาฏศิลป์ ประวัติศาสตร์ และวัฒนธรรม เห็นคุณค่าของนาฏศิลป์ ที่เป็นมรดกทางวัฒนธรรม ภูมิปัญญาท้องถิ่น ภูมิปัญญาไทยและสากล,8,ศ 3.2 ป.3/1,เล่าการแสดงนาฏศิลป์ ที่เคยเห็น ในท้องถิ่น,ศ 3.2 ป.3/2,ระบุสิ่งที่เป็นลักษณะเด่นและเอกลักษณ์ของการแสดงนาฏศิลป์
เลขกลุ่มสาระ,กลุ่มสาระการเรียนรู้ศิลปะ,3,นาฏศิลป์,ศ 3,ศ 3.2,3.2 เข้าใจความสัมพันธ์ระหว่างนาฏศิลป์ ประวัติศาสตร์ และวัฒนธรรม เห็นคุณค่าของนาฏศิลป์ ที่เป็นมรดกทางวัฒนธรรม ภูมิปัญญาท้องถิ่น ภูมิปัญญาไทยและสากล,8,ศ 3.2 ป.3/3,อธิบายความสําคัญของ การแสดงนาฏศิลป์,ศ 3.2 ป.3/2,ระบุสิ่งที่เป็นลักษณะเด่นและเอกลักษณ์ของการแสดงนาฏศิลป์
เลขกลุ่มสาระ,กลุ่มสาระการเรียนรู้ศิลปะ,1,ทัศนศิลป์,ศ 1,ศ 1.1,1.1 สร้างสรรค์งานทัศนศิลป์ตามจินตนาการ และความคิดสร้างสรรค์ วิเคราะห์ วิพากษ์วิจารณ์ คุณค่า งานทัศนศิลป์ ถ่ายทอดความรู้สึก ความคิดต่องานศิลปะอย่างอิสระ ชื่นชม และประยุกต์ใช้ ในชีวิตประจำวัน,1,ศ 1.1 ป.4/1,เปรียบเทียบรูปลักษณะของรูปร่าง รูปทรง ในธรรมชาติ สิ่งแวดล้อม และงานทัศนศิลป์,ศ 1.1 ป.4/3,จําแนกทัศนธาตุ ของสิ่งต่าง ๆ ในธรรมชาติ สิ่งแวดล้อมและงานทัศนศิลป์ โดยเน้นเรื่องเส้น สี รูปร่าง รูปทรงพื้นผิว และพื้นที่ว่าง
เลขกลุ่มสาระ,กลุ่มสาระการเรียนรู้ศิลปะ,1,ทัศนศิลป์,ศ 1,ศ 1.1,1.1 สร้างสรรค์งานทัศนศิลป์ตามจินตนาการ และความคิดสร้างสรรค์ วิเคราะห์ วิพากษ์วิจารณ์ คุณค่า งานทัศนศิลป์ ถ่ายทอดความรู้สึก ความคิดต่องานศิลปะอย่างอิสระ ชื่นชม และประยุกต์ใช้ ในชีวิตประจำวัน,2,ศ 1.1 ป.4/2,อภิปรายเกี่ยวกับอิทธิพลของสีวรรณะอุ่นและสีวรรณะเย็นที่มีต่ออารมณ์ของมนุษย์,ศ 1.1 ป.4/7,วาดภาพระบายสีโดยใช้สีวรรณะอุ่นและสีวรรณะเย็นถ่ายทอดความรู้สึกและจินตนาการ
เลขกลุ่มสาระ,กลุ่มสาระการเรียนรู้ศิลปะ,1,ทัศนศิลป์,ศ 1,ศ 1.1,1.1 สร้างสรรค์งานทัศนศิลป์ตามจินตนาการ และความคิดสร้างสรรค์ วิเคราะห์ วิพากษ์วิจารณ์ คุณค่า งานทัศนศิลป์ ถ่ายทอดความรู้สึก ความคิดต่องานศิลปะอย่างอิสระ ชื่นชม และประยุกต์ใช้ ในชีวิตประจำวัน,2,ศ 1.1 ป.4/5,มีทักษะพื้นฐานในการใช้วัสดุ อุปกรณ์สร้างสรรค์งานวาดภาพระบายสี,ศ 1.1 ป.4/7,วาดภาพระบายสีโดยใช้สีวรรณะอุ่นและสีวรรณะเย็นถ่ายทอดความรู้สึกและจินตนาการ
เลขกลุ่มสาระ,กลุ่มสาระการเรียนรู้ศิลปะ,1,ทัศนศิลป์,ศ 1,ศ 1.1,1.1 สร้างสรรค์งานทัศนศิลป์ตามจินตนาการ และความคิดสร้างสรรค์ วิเคราะห์ วิพากษ์วิจารณ์ คุณค่า งานทัศนศิลป์ ถ่ายทอดความรู้สึก ความคิดต่องานศิลปะอย่างอิสระ ชื่นชม และประยุกต์ใช้ ในชีวิตประจำวัน,2,ศ 1.1 ป.4/9,เลือกใช้วรรณะสีเพื่อถ่ายทอดอารมณ์ความรู้สึกในการสร้างงานทัศนศิลป์,ศ 1.1 ป.4/7,วาดภาพระบายสีโดยใช้สีวรรณะอุ่นและสีวรรณะเย็นถ่ายทอดความรู้สึกและจินตนาการ
เลขกลุ่มสาระ,กลุ่มสาระการเรียนรู้ศิลปะ,1,ทัศนศิลป์,ศ 1,ศ 1.1,1.1 สร้างสรรค์งานทัศนศิลป์ตามจินตนาการ และความคิดสร้างสรรค์ วิเคราะห์ วิพากษ์วิจารณ์ คุณค่า งานทัศนศิลป์ ถ่ายทอดความรู้สึก ความคิดต่องานศิลปะอย่างอิสระ ชื่นชม และประยุกต์ใช้ ในชีวิตประจำวัน,3,ศ 1.1 ป.4/4,มีทักษะพื้นฐานในการใช้วัสดุ อุปกรณ์ สร้างสรรค์งานพิมพ์ภาพ,ศ 1.1 ป.4/8,เปรียบเทียบ ความคิดความรู้สึก ที่ถ่ายทอดผ่าน งานทัศนศิลป์ของตนเองและบุคคล อื่น
เลขกลุ่มสาระ,กลุ่มสาระการเรียนรู้ศิลปะ,1,ทัศนศิลป์,ศ 1,ศ 1.1,1.1 สร้างสรรค์งานทัศนศิลป์ตามจินตนาการ และความคิดสร้างสรรค์ วิเคราะห์ วิพากษ์วิจารณ์ คุณค่า งานทัศนศิลป์ ถ่ายทอดความรู้สึก ความคิดต่องานศิลปะอย่างอิสระ ชื่นชม และประยุกต์ใช้ ในชีวิตประจำวัน,4,-,-,ศ 1.1 ป.4/6,บรรยายลักษณะ ของภาพ โดยเน้น เรื่องการจัดระยะ ความลึก น้ําหนักและแสงเงาในภาพ
เลขกลุ่มสาระ,กลุ่มสาระการเรียนรู้ศิลปะ,1,ทัศนศิลป์,ศ 1,ศ 1.2,1.2 เข้าใจความสัมพันธ์ระหว่างทัศนศิลป์ ประวัติศาสตร์ และวัฒนธรรม เห็นคุณค่างานทัศนศิลป์ ที่เป็นมรดกทางวัฒนธรรม ภูมิปัญญาท้องถิ่น ภูมิปัญญาไทย และสากล,5, ศ 1.2 ป.4/2,บรรยายเกี่ยวกับงานทัศนศิลป์ ที่มาจาก วัฒนธรรมต่าง ๆ,ศ 1.2 ป.4/1,ระบุ และอภิปราย เกี่ยวกับงานทัศนศิลป์ในเหตุการณ์ และงานเฉลิมฉลองของวัฒนธรรม ในท้องถิ่น
เลขกลุ่มสาระ,กลุ่มสาระการเรียนรู้ศิลปะ,2,ดนตรี,ศ 2,ศ 2.1,2.1 เข้าใจและแสดงออกทางดนตรีอย่างสร้างสรรค์ วิเคราะห์ วิพากษ์วิจารณ์ คุณค่าดนตรี ถ่ายทอดความรู้สึก ความคิดต่อดนตรีอย่างอิสระ ชื่นชม และประยุกต์ใช้ในชีวิตประจำวัน,6,-,-,ศ 2.1 ป.4/1,บอกประโยคเพลงอย่างง่าย
เลขกลุ่มสาระ,กลุ่มสาระการเรียนรู้ศิลปะ,2,ดนตรี,ศ 2,ศ 2.1,2.1 เข้าใจและแสดงออกทางดนตรีอย่างสร้างสรรค์ วิเคราะห์ วิพากษ์วิจารณ์ คุณค่าดนตรี ถ่ายทอดความรู้สึก ความคิดต่อดนตรีอย่างอิสระ ชื่นชม และประยุกต์ใช้ในชีวิตประจำวัน,7,ศ 2.1 ป.4/3,ระบุทิศทางการเคลื่อนที่ ขึ้น – ลง ง่าย ๆ ของ ทํานอง รูปแบบจังหวะ และ ความเร็วของจังหวะในเพลงที่ฟัง,ศ 2.1 ป.4/2,จําแนกประเภทของเครื่องดนตรีที่ใช้ในเพลงที่ฟัง
เลขกลุ่มสาระ,กลุ่มสาระการเรียนรู้ศิลปะ,2,ดนตรี,ศ 2,ศ 2.1,2.1 เข้าใจและแสดงออกทางดนตรีอย่างสร้างสรรค์ วิเคราะห์ วิพากษ์วิจารณ์ คุณค่าดนตรี ถ่ายทอดความรู้สึก ความคิดต่อดนตรีอย่างอิสระ ชื่นชม และประยุกต์ใช้ในชีวิตประจำวัน,7,ศ 2.1 ป.4/6,ใช้และเก็บเครื่องดนตรีอย่างถูกต้อง และปลอดภัย,ศ 2.1 ป.4/2,จําแนกประเภทของเครื่องดนตรีที่ใช้ในเพลงที่ฟัง
เลขกลุ่มสาระ,กลุ่มสาระการเรียนรู้ศิลปะ,2,ดนตรี,ศ 2,ศ 2.1,2.1 เข้าใจและแสดงออกทางดนตรีอย่างสร้างสรรค์ วิเคราะห์ วิพากษ์วิจารณ์ คุณค่าดนตรี ถ่ายทอดความรู้สึก ความคิดต่อดนตรีอย่างอิสระ ชื่นชม และประยุกต์ใช้ในชีวิตประจำวัน,8,ศ 2.1 ป.4/4,อ่าน เขียนโน้ตดนตรีไทยและสากล,ศ 2.1 ป.4/5,ร้องเพลงโดยใช้ช่วงเสียงที่เหมาะสม กับตนเอง
เลขกลุ่มสาระ,กลุ่มสาระการเรียนรู้ศิลปะ,2,ดนตรี,ศ 2,ศ 2.1,2.1 เข้าใจและแสดงออกทางดนตรีอย่างสร้างสรรค์ วิเคราะห์ วิพากษ์วิจารณ์ คุณค่าดนตรี ถ่ายทอดความรู้สึก ความคิดต่อดนตรีอย่างอิสระ ชื่นชม และประยุกต์ใช้ในชีวิตประจำวัน,8,ศ 2.1 ป.4/7,ระบุว่าดนตรีสามารถใช้ในการสื่อเรื่องราว,ศ 2.1 ป.4/5,ร้องเพลงโดยใช้ช่วงเสียงที่เหมาะสม กับตนเอง
เลขกลุ่มสาระ,กลุ่มสาระการเรียนรู้ศิลปะ,2,ดนตรี,ศ 2,ศ 2.2,2.2 เข้าใจความสัมพันธ์ระหว่างดนตรี ประวัติศาสตร์ และวัฒนธรรม เห็นคุณค่าของดนตรีที่เป็น มรดกทางวัฒนธรรม ภูมิปัญญาท้องถิ่น ภูมิปัญญาไทยและสากล,9,ศ 2.2 ป.4/2,ระบุความสําคัญในการอนุรักษ์ ส่งเสริม วัฒนธรรมทางดนตรี,ศ 2.2 ป.4/1,บอกแหล่งที่มาและ ความสัมพันธ์ ของวิถีชีวิตไทย ที่สะท้อนในดนตรี และเพลงท้องถิ่น
เลขกลุ่มสาระ,กลุ่มสาระการเรียนรู้ศิลปะ,3,นาฏศิลป์,ศ 3,ศ 3.1,3.1 เข้าใจและแสดงออกทางนาฏศิลป์อย่างสร้างสรรค์ วิเคราะห์ วิพากษ์วิจารณ์ คุณค่านาฏศิลป์ ถ่ายทอดความรู้สึก ความคิดอย่างอิสระ ชื่นชม และประยุกต์ใช้ในชีวิตประจำวัน,10,ศ 3.1 ป.4/1,ระบุทักษะพื้นฐานทางนาฏศิลป์และการละครที่ใช้สื่อความหมายและอารมณ์,ศ 3.1 ป.4/2,ใช้ภาษาท่าและนาฏยศัพท์หรือศัพท์ทางการละครง่าย ๆ ในการถ่ายทอดเรื่องราว
เลขกลุ่มสาระ,กลุ่มสาระการเรียนรู้ศิลปะ,3,นาฏศิลป์,ศ 3,ศ 3.1,3.1 เข้าใจและแสดงออกทางนาฏศิลป์อย่างสร้างสรรค์ วิเคราะห์ วิพากษ์วิจารณ์ คุณค่านาฏศิลป์ ถ่ายทอดความรู้สึก ความคิดอย่างอิสระ ชื่นชม และประยุกต์ใช้ในชีวิตประจำวัน,10,ศ 3.1 ป.4/3,แสดงการเคลื่อนไหวในจังหวะต่าง ๆ ตามความคิดของตน,ศ 3.1 ป.4/2,ใช้ภาษาท่าและนาฏยศัพท์หรือศัพท์ทางการละครง่าย ๆ ในการถ่ายทอดเรื่องราว
เลขกลุ่มสาระ,กลุ่มสาระการเรียนรู้ศิลปะ,3,นาฏศิลป์,ศ 3,ศ 3.1,3.1 เข้าใจและแสดงออกทางนาฏศิลป์อย่างสร้างสรรค์ วิเคราะห์ วิพากษ์วิจารณ์ คุณค่านาฏศิลป์ ถ่ายทอดความรู้สึก ความคิดอย่างอิสระ ชื่นชม และประยุกต์ใช้ในชีวิตประจำวัน,10,ศ 3.1 ป.4/4,แสดงนาฏศิลป์เป็นคู่ และหมู่,ศ 3.1 ป.4/2,ใช้ภาษาท่าและนาฏยศัพท์หรือศัพท์ทางการละครง่าย ๆ ในการถ่ายทอดเรื่องราว
เลขกลุ่มสาระ,กลุ่มสาระการเรียนรู้ศิลปะ,3,นาฏศิลป์,ศ 3,ศ 3.2,3.2 เข้าใจความสัมพันธ์ระหว่างนาฏศิลป์ ประวัติศาสตร์ และวัฒนธรรม เห็นคุณค่าของนาฏศิลป์ ที่เป็นมรดกทางวัฒนธรรม ภูมิปัญญาท้องถิ่น ภูมิปัญญาไทยและสากล,11,ศ 3.1 ป.4/5,เล่าสิ่งที่ชื่นชอบในการแสดง โดยเน้นจุดสําคัญ ของเรื่องและลักษณะเด่น ของตัวละคร,ศ 3.1 ป.4/2,ใช้ภาษาท่าและนาฏยศัพท์หรือศัพท์ทางการละครง่าย ๆ ในการถ่ายทอดเรื่องราว
เลขกลุ่มสาระ,กลุ่มสาระการเรียนรู้ศิลปะ,3,นาฏศิลป์,ศ 3,ศ 3.2,3.2 เข้าใจความสัมพันธ์ระหว่างนาฏศิลป์ ประวัติศาสตร์ และวัฒนธรรม เห็นคุณค่าของนาฏศิลป์ ที่เป็นมรดกทางวัฒนธรรม ภูมิปัญญาท้องถิ่น ภูมิปัญญาไทยและสากล,12,ศ 3.2 ป.4/1,อธิบายประวัติความเป็นมาของนาฏศิลป์ หรือ ชุดการแสดงอย่างง่าย ๆ,ศ 3.2 ป.4/2,ระบุเหตุผลที่ควรรักษา และสืบทอด การแสดง นาฏศิลป์จากวัฒนธรรมอื่น
เลขกลุ่มสาระ,กลุ่มสาระการเรียนรู้ศิลปะ,3,นาฏศิลป์,ศ 3,ศ 3.2,3.2 เข้าใจความสัมพันธ์ระหว่างนาฏศิลป์ ประวัติศาสตร์ และวัฒนธรรม เห็นคุณค่าของนาฏศิลป์ ที่เป็นมรดกทางวัฒนธรรม ภูมิปัญญาท้องถิ่น ภูมิปัญญาไทยและสากล,12,ศ 3.2 ป.4/3,อธิบายความสําคัญของการแสดงความเคารพ จากวัฒนธรรมอื่น ในการเรียนและการแสดงนาฏศิลป์,ศ 3.2 ป.4/2,ระบุเหตุผลที่ควรรักษา และสืบทอด การแสดง นาฏศิลป์จากวัฒนธรรมอื่น
เลขกลุ่มสาระ,กลุ่มสาระการเรียนรู้ศิลปะ,3,นาฏศิลป์,ศ 3,ศ 3.2,3.2 เข้าใจความสัมพันธ์ระหว่างนาฏศิลป์ ประวัติศาสตร์ และวัฒนธรรม เห็นคุณค่าของนาฏศิลป์ ที่เป็นมรดกทางวัฒนธรรม ภูมิปัญญาท้องถิ่น ภูมิปัญญาไทยและสากล,12,ศ 3.2 ป.4/4,ระบุเหตุผลที่ควรรักษา และสืบทอด การแสดง,ศ 3.2 ป.4/2,ระบุเหตุผลที่ควรรักษา และสืบทอด การแสดง นาฏศิลป์จากวัฒนธรรมอื่น
เลขกลุ่มสาระ,กลุ่มสาระการเรียนรู้ศิลปะ,1,ทัศนศิลป์,ศ 1,ศ 1.1,1.1 สร้างสรรค์งานทัศนศิลป์ตามจินตนาการ และความคิดสร้างสรรค์ วิเคราะห์ วิพากษ์วิจารณ์ คุณค่า งานทัศนศิลป์ ถ่ายทอดความรู้สึก ความคิดต่องานศิลปะอย่างอิสระ ชื่นชม และประยุกต์ใช้ ในชีวิตประจำวัน,12,ศ 1.1 ป.5/1,บรรยายเกี่ยวกับจังหวะตําแหน่งของสิ่งต่าง ๆ ที่ปรากฏในสิ่งแวดล้อม และงานทัศนศิลป์,ศ 1.1 ป.5/6,ระบุปัญหาในการ จัดองค์ประกอบศิลป์และการ สื่อความหมายในงานทัศนศิลป์ ของตนเอง และบอกวิธีการ ปรับปรุงงานให้ดีขึ้น
เลขกลุ่มสาระ,กลุ่มสาระการเรียนรู้ศิลปะ,1,ทัศนศิลป์,ศ 1,ศ 1.1,1.1 สร้างสรรค์งานทัศนศิลป์ตามจินตนาการ และความคิดสร้างสรรค์ วิเคราะห์ วิพากษ์วิจารณ์ คุณค่า งานทัศนศิลป์ ถ่ายทอดความรู้สึก ความคิดต่องานศิลปะอย่างอิสระ ชื่นชม และประยุกต์ใช้ ในชีวิตประจำวัน,12,ศ 1.1 ป.5/5,สร้างสรรค์งานพิมพ์ภาพ โดยเน้น การจัดวาง ตําแหน่งของสิ่งต่าง ๆ ในภาพ,ศ 1.1 ป.5/6,ระบุปัญหาในการ จัดองค์ประกอบศิลป์และการ สื่อความหมายในงานทัศนศิลป์ ของตนเอง และบอกวิธีการ ปรับปรุงงานให้ดีขึ้น
เลขกลุ่มสาระ,กลุ่มสาระการเรียนรู้ศิลปะ,1,ทัศนศิลป์,ศ 1,ศ 1.1,1.1 สร้างสรรค์งานทัศนศิลป์ตามจินตนาการ และความคิดสร้างสรรค์ วิเคราะห์ วิพากษ์วิจารณ์ คุณค่า งานทัศนศิลป์ ถ่ายทอดความรู้สึก ความคิดต่องานศิลปะอย่างอิสระ ชื่นชม และประยุกต์ใช้ ในชีวิตประจำวัน,2,-,-,ศ 1.1 ป.5/3,วาดภาพ โดยใช้ เทคนิคของแสงเงา น้ําหนัก และ วรรณะสี
เลขกลุ่มสาระ,กลุ่มสาระการเรียนรู้ศิลปะ,1,ทัศนศิลป์,ศ 1,ศ 1.1,1.1 สร้างสรรค์งานทัศนศิลป์ตามจินตนาการ และความคิดสร้างสรรค์ วิเคราะห์ วิพากษ์วิจารณ์ คุณค่า งานทัศนศิลป์ ถ่ายทอดความรู้สึก ความคิดต่องานศิลปะอย่างอิสระ ชื่นชม และประยุกต์ใช้ ในชีวิตประจำวัน,3,-,-,ศ 1.1 ป.5/4,สร้างสรรค์งานปั้น จาก ดินน้ํามัน หรือดินเหนียว โดยเน้นการถ่ายทอดจินตนาการ
เลขกลุ่มสาระ,กลุ่มสาระการเรียนรู้ศิลปะ,1,ทัศนศิลป์,ศ 1,ศ 1.1,1.1 สร้างสรรค์งานทัศนศิลป์ตามจินตนาการ และความคิดสร้างสรรค์ วิเคราะห์ วิพากษ์วิจารณ์ คุณค่า งานทัศนศิลป์ ถ่ายทอดความรู้สึก ความคิดต่องานศิลปะอย่างอิสระ ชื่นชม และประยุกต์ใช้ ในชีวิตประจำวัน,4,ศ 1.2 ป.5/1,ระบุและบรรยายเกี่ยวกับลักษณะรูปแบบของงานทัศนศิลป์ในแหล่งเรียนรู้หรือนิทรรศการศิลปะ,ศ 1.1 ป.5/2,เปรียบเทียบความแตกต่างระหว่างงานทัศนศิลป์ที่สร้างสรรค์ด้วยวัสดุอุปกรณ์และวิธีการที่ต่างกัน
เลขกลุ่มสาระ,กลุ่มสาระการเรียนรู้ศิลปะ,1,ทัศนศิลป์,ศ 1,ศ 1.2,1.2 เข้าใจความสัมพันธ์ระหว่างทัศนศิลป์ ประวัติศาสตร์ และวัฒนธรรม เห็นคุณค่างานทัศนศิลป์ ที่เป็นมรดกทางวัฒนธรรม ภูมิปัญญาท้องถิ่น ภูมิปัญญาไทย และสากล,5,ศ 1.2 ป.5/2,อภิปรายเกี่ยวกับงานทัศนศิลป์ที่สะท้อนวัฒนธรรมและภูมิปัญญาในท้องถิ่น,ศ 1.1 ป.5/7,บรรยายประโยชน์และคุณค่าของงานทัศนศิลป์ที่มีผลต่อชีวิตของคนในสังคม
เลขกลุ่มสาระ,กลุ่มสาระการเรียนรู้ศิลปะ,2,ดนตรี,ศ 2,ศ 2.1,2.1 เข้าใจและแสดงออกทางดนตรีอย่างสร้างสรรค์ วิเคราะห์ วิพากษ์วิจารณ์ คุณค่าดนตรี ถ่ายทอดความรู้สึก ความคิดต่อดนตรีอย่างอิสระ ชื่นชม และประยุกต์ใช้ในชีวิตประจำวัน,6,ศ 2.1 ป.5/2,จําแนกลักษณะของเสียงขับร้องและเครื่องดนตรี ที่อยู่ในวงดนตรีประเภทต่าง ๆ,ศ 2.1 ป.5/1,ระบุองค์ประกอบดนตรีในเพลง ที่ใช้ในการสื่ออารมณ์
เลขกลุ่มสาระ,กลุ่มสาระการเรียนรู้ศิลปะ,2,ดนตรี,ศ 2,ศ 2.1,2.1 เข้าใจและแสดงออกทางดนตรีอย่างสร้างสรรค์ วิเคราะห์ วิพากษ์วิจารณ์ คุณค่าดนตรี ถ่ายทอดความรู้สึก ความคิดต่อดนตรีอย่างอิสระ ชื่นชม และประยุกต์ใช้ในชีวิตประจำวัน,7,ศ 2.1 ป.5/3,อ่าน เขียนโน้ตดนตรีไทยและสากล 5 ระดับเสียง,ศ 2.1 ป.5/5,ร้องเพลงไทยหรือ เพลงสากล หรือเพลงไทยสากลที่ เหมาะสมกับวัย
เลขกลุ่มสาระ,กลุ่มสาระการเรียนรู้ศิลปะ,2,ดนตรี,ศ 2,ศ 2.1,2.1 เข้าใจและแสดงออกทางดนตรีอย่างสร้างสรรค์ วิเคราะห์ วิพากษ์วิจารณ์ คุณค่าดนตรี ถ่ายทอดความรู้สึก ความคิดต่อดนตรีอย่างอิสระ ชื่นชม และประยุกต์ใช้ในชีวิตประจำวัน,7,ศ 2.1 ป.5/4,ใช้เครื่องดนตรีบรรเลงจังหวะ และทํานอง,ศ 2.1 ป.5/5,ร้องเพลงไทยหรือ เพลงสากล หรือเพลงไทยสากลที่ เหมาะสมกับวัย
เลขกลุ่มสาระ,กลุ่มสาระการเรียนรู้ศิลปะ,2,ดนตรี,ศ 2,ศ 2.1,2.1 เข้าใจและแสดงออกทางดนตรีอย่างสร้างสรรค์ วิเคราะห์ วิพากษ์วิจารณ์ คุณค่าดนตรี ถ่ายทอดความรู้สึก ความคิดต่อดนตรีอย่างอิสระ ชื่นชม และประยุกต์ใช้ในชีวิตประจำวัน,7,ศ 2.1 ป.5/6,ด้นสดง่าย ๆ โดยใช้ประโยคเพลง แบบถาม - ตอบ,ศ 2.1 ป.5/5,ร้องเพลงไทยหรือ เพลงสากล หรือเพลงไทยสากลที่ เหมาะสมกับวัย
เลขกลุ่มสาระ,กลุ่มสาระการเรียนรู้ศิลปะ,2,ดนตรี,ศ 2,ศ 2.1,2.1 เข้าใจและแสดงออกทางดนตรีอย่างสร้างสรรค์ วิเคราะห์ วิพากษ์วิจารณ์ คุณค่าดนตรี ถ่ายทอดความรู้สึก ความคิดต่อดนตรีอย่างอิสระ ชื่นชม และประยุกต์ใช้ในชีวิตประจำวัน,7,ศ 2.1 ป.5/7,ใช้ดนตรีร่วมกับกิจกรรม ในการแสดงออก ตามจินตนาการ,ศ 2.1 ป.5/5,ร้องเพลงไทยหรือ เพลงสากล หรือเพลงไทยสากลที่ เหมาะสมกับวัย
เลขกลุ่มสาระ,กลุ่มสาระการเรียนรู้ศิลปะ,2,ดนตรี,ศ 2,ศ 2.2,2.2 เข้าใจความสัมพันธ์ระหว่างดนตรี ประวัติศาสตร์ และวัฒนธรรม เห็นคุณค่าของดนตรีที่เป็น มรดกทางวัฒนธรรม ภูมิปัญญาท้องถิ่น ภูมิปัญญาไทยและสากล,8,ศ 2.2 ป.5/2,อธิบายคุณค่าของดนตรีที่มาจาก วัฒนธรรม ที่ต่างกัน,ศ 2.2 ป.5/1,อธิบาย ความสัมพันธ์ระหว่างดนตรี กับประเพณีในวัฒนธรรมต่าง ๆ
เลขกลุ่มสาระ,กลุ่มสาระการเรียนรู้ศิลปะ,3,นาฏศิลป์,ศ 3,ศ 3.1,3.1 เข้าใจและแสดงออกทางนาฏศิลป์อย่างสร้างสรรค์ วิเคราะห์ วิพากษ์วิจารณ์ คุณค่านาฏศิลป์ ถ่ายทอดความรู้สึก ความคิดอย่างอิสระ ชื่นชม และประยุกต์ใช้ในชีวิตประจำวัน,9,ศ 3.1 ป.5/1,บรรยายองค์ประกอบนาฏศิลป์,ศ 3.1 ป.5/5,เปรียบเทียบการแสดงนาฏศิลป์ชุดต่าง ๆ
เลขกลุ่มสาระ,กลุ่มสาระการเรียนรู้ศิลปะ,3,นาฏศิลป์,ศ 3,ศ 3.1,3.1 เข้าใจและแสดงออกทางนาฏศิลป์อย่างสร้างสรรค์ วิเคราะห์ วิพากษ์วิจารณ์ คุณค่านาฏศิลป์ ถ่ายทอดความรู้สึก ความคิดอย่างอิสระ ชื่นชม และประยุกต์ใช้ในชีวิตประจำวัน,9,ศ 3.1 ป.5/4,มีส่วนร่วมในกลุ่มกับการเขียน เค้าโครงเรื่องหรือบทละครสั้น ๆ,ศ 3.1 ป.5/5,เปรียบเทียบการแสดงนาฏศิลป์ชุดต่าง ๆ
เลขกลุ่มสาระ,กลุ่มสาระการเรียนรู้ศิลปะ,3,นาฏศิลป์,ศ 3,ศ 3.1,3.1 เข้าใจและแสดงออกทางนาฏศิลป์อย่างสร้างสรรค์ วิเคราะห์ วิพากษ์วิจารณ์ คุณค่านาฏศิลป์ ถ่ายทอดความรู้สึก ความคิดอย่างอิสระ ชื่นชม และประยุกต์ใช้ในชีวิตประจำวัน,9,ศ 3.1 ป.5/6,บอกประโยชน์ที่ได้รับจากการชม การแสดง,ศ 3.1 ป.5/5,เปรียบเทียบการแสดงนาฏศิลป์ชุดต่าง ๆ
เลขกลุ่มสาระ,กลุ่มสาระการเรียนรู้ศิลปะ,3,นาฏศิลป์,ศ 3,ศ 3.1,3.1 เข้าใจและแสดงออกทางนาฏศิลป์อย่างสร้างสรรค์ วิเคราะห์ วิพากษ์วิจารณ์ คุณค่านาฏศิลป์ ถ่ายทอดความรู้สึก ความคิดอย่างอิสระ ชื่นชม และประยุกต์ใช้ในชีวิตประจำวัน,10,ศ 3.1 ป.5/2,แสดงท่าทางประกอบเพลงหรือเรื่องราวตามความคิดของตน,ศ 3.1 ป.5/3,แสดงนาฏศิลป์โดยเน้นการใช้ภาษาท่าและนาฏยศัพท์ในการสื่อความหมายและการแสดงออก
เลขกลุ่มสาระ,กลุ่มสาระการเรียนรู้ศิลปะ,3,นาฏศิลป์,ศ 3,ศ 3.2,3.2 เข้าใจความสัมพันธ์ระหว่างนาฏศิลป์ ประวัติศาสตร์ และวัฒนธรรม เห็นคุณค่าของนาฏศิลป์ ที่เป็นมรดกทางวัฒนธรรม ภูมิปัญญาท้องถิ่น ภูมิปัญญาไทยและสากล,10,ศ 3.2 ป.5/1,เปรียบเทียบการแสดงประเภทต่าง ๆ ของไทย ในแต่ละท้องถิ่น,ศ 3.1 ป.5/3,แสดงนาฏศิลป์โดยเน้นการใช้ภาษาท่าและนาฏยศัพท์ในการสื่อความหมายและการแสดงออก
เลขกลุ่มสาระ,กลุ่มสาระการเรียนรู้ศิลปะ,3,นาฏศิลป์,ศ 3,ศ 3.2,3.2 เข้าใจความสัมพันธ์ระหว่างนาฏศิลป์ ประวัติศาสตร์ และวัฒนธรรม เห็นคุณค่าของนาฏศิลป์ ที่เป็นมรดกทางวัฒนธรรม ภูมิปัญญาท้องถิ่น ภูมิปัญญาไทยและสากล,10,ศ 3.2 ป.5/2,ระบุหรือแสดงนาฏศิลป์ นาฏศิลป์พื้นบ้าน ที่สะท้อนถึงวัฒนธรรมและประเพณี,ศ 3.1 ป.5/3,แสดงนาฏศิลป์โดยเน้นการใช้ภาษาท่าและนาฏยศัพท์ในการสื่อความหมายและการแสดงออก
เลขกลุ่มสาระ,กลุ่มสาระการเรียนรู้ศิลปะ,1,ทัศนศิลป์,ศ 1,ศ 1.1,1.1 สร้างสรรค์งานทัศนศิลป์ตามจินตนาการ และความคิดสร้างสรรค์ วิเคราะห์ วิพากษ์วิจารณ์ คุณค่า งานทัศนศิลป์ ถ่ายทอดความรู้สึก ความคิดต่องานศิลปะอย่างอิสระ ชื่นชม และประยุกต์ใช้ ในชีวิตประจำวัน,1,ศ 1.1 ป.6/1,ระบุสีคู่ตรงข้าม และอภิปรายเกี่ยวกับการ ใช้สีคู่ตรงข้ามในการถ่ายทอดความคิดและอารมณ์,ศ 1.1 ป.6/6,"สร้างสรรค์งาน
ทัศนศิลป์โดยใช้สีคู่ตรงข้าม
หลักการจัดขนาดสัดส่วน
และความสมดุล"
เลขกลุ่มสาระ,กลุ่มสาระการเรียนรู้ศิลปะ,1,ทัศนศิลป์,ศ 1,ศ 1.1,1.1 สร้างสรรค์งานทัศนศิลป์ตามจินตนาการ และความคิดสร้างสรรค์ วิเคราะห์ วิพากษ์วิจารณ์ คุณค่า งานทัศนศิลป์ ถ่ายทอดความรู้สึก ความคิดต่องานศิลปะอย่างอิสระ ชื่นชม และประยุกต์ใช้ ในชีวิตประจำวัน,1,ศ 1.1 ป.6/2,อธิบายหลักการจัดขนาดสัดส่วนความสมดุลในการสร้างงานทัศนศิลป์,ศ 1.1 ป.6/6,"สร้างสรรค์งาน
ทัศนศิลป์โดยใช้สีคู่ตรงข้าม
หลักการจัดขนาดสัดส่วน
และความสมดุล"
เลขกลุ่มสาระ,กลุ่มสาระการเรียนรู้ศิลปะ,1,ทัศนศิลป์,ศ 1,ศ 1.1,1.1 สร้างสรรค์งานทัศนศิลป์ตามจินตนาการ และความคิดสร้างสรรค์ วิเคราะห์ วิพากษ์วิจารณ์ คุณค่า งานทัศนศิลป์ ถ่ายทอดความรู้สึก ความคิดต่องานศิลปะอย่างอิสระ ชื่นชม และประยุกต์ใช้ ในชีวิตประจำวัน,2,-,-,ศ 1.1 ป.6/3,สร้างงานทัศนศิลป์ จากรูปแบบ 2 มิติ เป็น 3 มิติ โดย ใช้หลักการของแสงเงาและน้ําหนัก
เลขกลุ่มสาระ,กลุ่มสาระการเรียนรู้ศิลปะ,1,ทัศนศิลป์,ศ 1,ศ 1.1,1.1 สร้างสรรค์งานทัศนศิลป์ตามจินตนาการ และความคิดสร้างสรรค์ วิเคราะห์ วิพากษ์วิจารณ์ คุณค่า งานทัศนศิลป์ ถ่ายทอดความรู้สึก ความคิดต่องานศิลปะอย่างอิสระ ชื่นชม และประยุกต์ใช้ ในชีวิตประจำวัน,3,-,-,ศ 1.1 ป.6/4,สร้างสรรค์งานปั้นโดยใช้หลักการเพิ่มและลด
เลขกลุ่มสาระ,กลุ่มสาระการเรียนรู้ศิลปะ,1,ทัศนศิลป์,ศ 1,ศ 1.1,1.1 สร้างสรรค์งานทัศนศิลป์ตามจินตนาการ และความคิดสร้างสรรค์ วิเคราะห์ วิพากษ์วิจารณ์ คุณค่า งานทัศนศิลป์ ถ่ายทอดความรู้สึก ความคิดต่องานศิลปะอย่างอิสระ ชื่นชม และประยุกต์ใช้ ในชีวิตประจำวัน,4,-,-,ศ 1.1 ป.6/5,สร้างสรรค์งานทัศนศิลป์โดยใช้หลักการของรูปและพื้นที่ว่าง
เลขกลุ่มสาระ,กลุ่มสาระการเรียนรู้ศิลปะ,1,ทัศนศิลป์,ศ 1,ศ 1.1,1.1 สร้างสรรค์งานทัศนศิลป์ตามจินตนาการ และความคิดสร้างสรรค์ วิเคราะห์ วิพากษ์วิจารณ์ คุณค่า งานทัศนศิลป์ ถ่ายทอดความรู้สึก ความคิดต่องานศิลปะอย่างอิสระ ชื่นชม และประยุกต์ใช้ ในชีวิตประจำวัน,5,ศ 1.2 ป.6/1,บรรยายบทบาทของงานทัศนศิลป์ ที่สะท้อน ชีวิตและสังคม,ศ 1.1 ป.6/7,สร้างงานทัศนศิลป์ เป็นแผนภาพ แผนผัง และ ภาพประกอบ เพื่อถ่ายทอด ความคิดหรือเรื่องราวเกี่ยวกับ เหตุการณ์ต่าง ๆ
เลขกลุ่มสาระ,กลุ่มสาระการเรียนรู้ศิลปะ,1,ทัศนศิลป์,ศ 1,ศ 1.2,1.2 เข้าใจความสัมพันธ์ระหว่างทัศนศิลป์ ประวัติศาสตร์ และวัฒนธรรม เห็นคุณค่างานทัศนศิลป์ ที่เป็นมรดกทางวัฒนธรรม ภูมิปัญญาท้องถิ่น ภูมิปัญญาไทย และสากล,5,ศ 1.2 ป.6/1,บรรยายบทบาทของงานทัศนศิลป์ ที่สะท้อน ชีวิตและสังคม,ศ 1.1 ป.6/7,สร้างงานทัศนศิลป์ เป็นแผนภาพ แผนผัง และ ภาพประกอบ เพื่อถ่ายทอด ความคิดหรือเรื่องราวเกี่ยวกับ เหตุการณ์ต่าง ๆ
เลขกลุ่มสาระ,กลุ่มสาระการเรียนรู้ศิลปะ,1,ทัศนศิลป์,ศ 1,ศ 1.2,1.2 เข้าใจความสัมพันธ์ระหว่างทัศนศิลป์ ประวัติศาสตร์ และวัฒนธรรม เห็นคุณค่างานทัศนศิลป์ ที่เป็นมรดกทางวัฒนธรรม ภูมิปัญญาท้องถิ่น ภูมิปัญญาไทย และสากล,6,ศ 1.2 ป.6/3,และบรรยายอิทธิพลทางวัฒนธรรมในท้องถิ่นที่มีผลต่อการสร้างงานทัศนศิลป์ของบุคคล,ศ 1.2 ป.6/2,อภิปรายเกี่ยวกับ อิทธิพลของ ความเชื่อความศรัทธา ในศาสนาที่มีผลต่องานทัศนศิลป์ ในท้องถิ่น
เลขกลุ่มสาระ,กลุ่มสาระการเรียนรู้ศิลปะ,2,ดนตรี,ศ 2,ศ 2.1,2.1 เข้าใจและแสดงออกทางดนตรีอย่างสร้างสรรค์ วิเคราะห์ วิพากษ์วิจารณ์ คุณค่าดนตรี ถ่ายทอดความรู้สึก ความคิดต่อดนตรีอย่างอิสระ ชื่นชม และประยุกต์ใช้ในชีวิตประจำวัน,7,ศ 2.1 ป.6/1,บรรยายเพลงที่ฟัง โดยอาศัยองค์ประกอบ ดนตรีและศัพท์สังคีต,ศ 2.1 ป.6/6,แสดงความคิดเห็น เกี่ยวกับทํานอง จังหวะ การประสานเสียงและคุณภาพเสียง ของเพลงที่ฟัง
เลขกลุ่มสาระ,กลุ่มสาระการเรียนรู้ศิลปะ,2,ดนตรี,ศ 2,ศ 2.1,2.1 เข้าใจและแสดงออกทางดนตรีอย่างสร้างสรรค์ วิเคราะห์ วิพากษ์วิจารณ์ คุณค่าดนตรี ถ่ายทอดความรู้สึก ความคิดต่อดนตรีอย่างอิสระ ชื่นชม และประยุกต์ใช้ในชีวิตประจำวัน,7,ศ 2.1 ป.6/5,บรรยายความรู้สึกที่มีต่อดนตรี,ศ 2.1 ป.6/6,แสดงความคิดเห็น เกี่ยวกับทํานอง จังหวะ การประสานเสียงและคุณภาพเสียง ของเพลงที่ฟัง
เลขกลุ่มสาระ,กลุ่มสาระการเรียนรู้ศิลปะ,2,ดนตรี,ศ 2,ศ 2.1,2.1 เข้าใจและแสดงออกทางดนตรีอย่างสร้างสรรค์ วิเคราะห์ วิพากษ์วิจารณ์ คุณค่าดนตรี ถ่ายทอดความรู้สึก ความคิดต่อดนตรีอย่างอิสระ ชื่นชม และประยุกต์ใช้ในชีวิตประจำวัน,8,ศ 2.1 ป.6/2,จําแนกประเภทและบทบาทหน้าที่เครื่องดนตรีไทย และเครื่องดนตรีที่มาจากวัฒนธรรมต่าง ๆ,ศ 2.1 ป.6/4,ใช้เครื่องดนตรีบรรเลงประกอบการร้องเพลงด้นสด ที่มีจังหวะและทํานองง่าย ๆ
เลขกลุ่มสาระ,กลุ่มสาระการเรียนรู้ศิลปะ,2,ดนตรี,ศ 2,ศ 2.1,2.1 เข้าใจและแสดงออกทางดนตรีอย่างสร้างสรรค์ วิเคราะห์ วิพากษ์วิจารณ์ คุณค่าดนตรี ถ่ายทอดความรู้สึก ความคิดต่อดนตรีอย่างอิสระ ชื่นชม และประยุกต์ใช้ในชีวิตประจำวัน,8,ศ 2.1 ป.6/3,อ่าน เขียนโน้ตไทย และโน้ตสากลทํานองง่าย ๆ,ศ 2.1 ป.6/4,ใช้เครื่องดนตรีบรรเลงประกอบการร้องเพลงด้นสด ที่มีจังหวะและทํานองง่าย ๆ
เลขกลุ่มสาระ,กลุ่มสาระการเรียนรู้ศิลปะ,2,ดนตรี,ศ 2,ศ 2.2,2.2 เข้าใจความสัมพันธ์ระหว่างดนตรี ประวัติศาสตร์ และวัฒนธรรม เห็นคุณค่าของดนตรีที่เป็น มรดกทางวัฒนธรรม ภูมิปัญญาท้องถิ่น ภูมิปัญญาไทยและสากล,9,ศ 2.2 ป.6/2,จําแนกดนตรีที่มาจากยุคสมัยที่ต่างกัน,ศ 2.1 ป.6/1,อธิบายเรื่องราวของดนตรีไทยในประวัติศาสตร์
เลขกลุ่มสาระ,กลุ่มสาระการเรียนรู้ศิลปะ,2,ดนตรี,ศ 2,ศ 2.2,2.2 เข้าใจความสัมพันธ์ระหว่างดนตรี ประวัติศาสตร์ และวัฒนธรรม เห็นคุณค่าของดนตรีที่เป็น มรดกทางวัฒนธรรม ภูมิปัญญาท้องถิ่น ภูมิปัญญาไทยและสากล,9,ศ 2.2 ป.6/3,อภิปรายอิทธิพลของวัฒนธรรมต่อดนตรีในท้องถิ่น,ศ 2.1 ป.6/1,อธิบายเรื่องราวของดนตรีไทยในประวัติศาสตร์
เลขกลุ่มสาระ,กลุ่มสาระการเรียนรู้ศิลปะ,3,นาฏศิลป์,ศ 3,ศ 3.1,3.1 เข้าใจและแสดงออกทางนาฏศิลป์อย่างสร้างสรรค์ วิเคราะห์ วิพากษ์วิจารณ์ คุณค่านาฏศิลป์ ถ่ายทอดความรู้สึก ความคิดอย่างอิสระ ชื่นชม และประยุกต์ใช้ในชีวิตประจำวัน,10,ศ 3.1 ป.6/2,ออกแบบเครื่องแต่งกาย หรืออุปกรณ์ประกอบการแสดงอย่างง่ายๆ,ศ 3.1 ป.6/1,สร้างสรรค์การเคลื่อนไหวและการแสดงโดยเน้นการถ่ายทอดลีลา หรืออารมณ์
เลขกลุ่มสาระ,กลุ่มสาระการเรียนรู้ศิลปะ,3,นาฏศิลป์,ศ 3,ศ 3.1,3.1 เข้าใจและแสดงออกทางนาฏศิลป์อย่างสร้างสรรค์ วิเคราะห์ วิพากษ์วิจารณ์ คุณค่านาฏศิลป์ ถ่ายทอดความรู้สึก ความคิดอย่างอิสระ ชื่นชม และประยุกต์ใช้ในชีวิตประจำวัน,10,ศ 3.1 ป.6/3,แสดงนาฏศิลป์และละครง่าย ๆ,ศ 3.1 ป.6/1,สร้างสรรค์การเคลื่อนไหวและการแสดงโดยเน้นการถ่ายทอดลีลา หรืออารมณ์
เลขกลุ่มสาระ,กลุ่มสาระการเรียนรู้ศิลปะ,3,นาฏศิลป์,ศ 3,ศ 3.1,3.1 เข้าใจและแสดงออกทางนาฏศิลป์อย่างสร้างสรรค์ วิเคราะห์ วิพากษ์วิจารณ์ คุณค่านาฏศิลป์ ถ่ายทอดความรู้สึก ความคิดอย่างอิสระ ชื่นชม และประยุกต์ใช้ในชีวิตประจำวัน,10,ศ 3.1 ป.6/6,อธิบายความสัมพันธ์ระหว่างนาฏศิลป์และการละครกับสิ่งที่ประสบในชีวิตประจําวัน,ศ 3.1 ป.6/1,สร้างสรรค์การเคลื่อนไหวและการแสดงโดยเน้นการถ่ายทอดลีลา หรืออารมณ์
เลขกลุ่มสาระ,กลุ่มสาระการเรียนรู้ศิลปะ,3,นาฏศิลป์,ศ 3,ศ 3.1,1.1 สร้างสรรค์งานทัศนศิลป์ตามจินตนาการ และความคิดสร้างสรรค์ วิเคราะห์ วิพากษ์วิจารณ์ คุณค่า งานทัศนศิลป์ ถ่ายทอดความรู้สึก ความคิดต่องานศิลปะอย่างอิสระ ชื่นชม และประยุกต์ใช้ ในชีวิตประจำวัน,11,ศ 3.1 ป.6/4,บรรยายความรู้สึกของตนเองที่มีต่องานนาฏศิลป์และการละครอย่างสร้างสรรค์,ศ 3.2 ป.6/2,ระบุประโยชน์ที่ได้รับจากการแสดงหรือการชมการแสดงนาฏศิลป์และละคร
เลขกลุ่มสาระ,กลุ่มสาระการเรียนรู้ศิลปะ,3,นาฏศิลป์,ศ 2,ศ 3.2,3.2 เข้าใจความสัมพันธ์ระหว่างนาฏศิลป์ ประวัติศาสตร์ และวัฒนธรรม เห็นคุณค่าของนาฏศิลป์ ที่เป็นมรดกทางวัฒนธรรม ภูมิปัญญาท้องถิ่น ภูมิปัญญาไทยและสากล,11,ศ 3.1 ป.6/5,แสดงความคิดเห็นในการชมการแสดง,ศ 3.2 ป.6/2,ระบุประโยชน์ที่ได้รับจากการแสดงหรือการชมการแสดงนาฏศิลป์และละคร
เลขกลุ่มสาระ,กลุ่มสาระการเรียนรู้ศิลปะ,3,นาฏศิลป์,ศ 2,ศ 3.2,3.2 เข้าใจความสัมพันธ์ระหว่างนาฏศิลป์ ประวัติศาสตร์ และวัฒนธรรม เห็นคุณค่าของนาฏศิลป์ ที่เป็นมรดกทางวัฒนธรรม ภูมิปัญญาท้องถิ่น ภูมิปัญญาไทยและสากล,11,ศ 3.2 ป.6/1,อธิบายสิ่งที่มีความสําคัญต่อการแสดงนาฏศิลป์และละคร,ศ 3.2 ป.6/2,ระบุประโยชน์ที่ได้รับจากการแสดงหรือการชมการแสดงนาฏศิลป์และละคร
เลขกลุ่มสาระ,กลุ่มสาระการเรียนรู้ศิลปะ,1,ทัศนศิลป์,ศ 1,ศ 1.1,1.1 สร้างสรรค์งานทัศนศิลป์ตามจินตนาการ และความคิดสร้างสรรค์ วิเคราะห์ วิพากษ์วิจารณ์ คุณค่า งานทัศนศิลป์ ถ่ายทอดความรู้สึก ความคิดต่องานศิลปะอย่างอิสระ ชื่นชม และประยุกต์ใช้ ในชีวิตประจำวัน,1,ศ 1.1 ม.1/1,บรรยายความแตกต่างและความคล้ายคลึงกันของงานทัศนศิลป์และสิ่งแวดล้อมโดยใช้ความรู้เรื่องทัศนธาตุ,ศ 1.1 ม.1/4,รวบรวมงานปั้นหรือ สื่อผสมมาสร้างเป็นเรื่องราว 3 มิติ โดยเน้นความเป็นเอกภาพ ความกลมกลืน และการสื่อถึง เรื่องราวของงาน
เลขกลุ่มสาระ,กลุ่มสาระการเรียนรู้ศิลปะ,1,ทัศนศิลป์,ศ 1,ศ 1.1,1.1 สร้างสรรค์งานทัศนศิลป์ตามจินตนาการ และความคิดสร้างสรรค์ วิเคราะห์ วิพากษ์วิจารณ์ คุณค่า งานทัศนศิลป์ ถ่ายทอดความรู้สึก ความคิดต่องานศิลปะอย่างอิสระ ชื่นชม และประยุกต์ใช้ ในชีวิตประจำวัน,1,ศ 1.1 ม.1/2,ระบุ และบรรยายหลักการออกแบบงาน ทัศนศิลป์ โดยเน้นความเป็นเอกภาพความกลมกลืน และความสมดุล,ศ 1.1 ม.1/4,รวบรวมงานปั้นหรือ สื่อผสมมาสร้างเป็นเรื่องราว 3 มิติ โดยเน้นความเป็นเอกภาพ ความกลมกลืน และการสื่อถึง เรื่องราวของงาน
เลขกลุ่มสาระ,กลุ่มสาระการเรียนรู้ศิลปะ,1,ทัศนศิลป์,ศ 1,ศ 1.1,1.1 สร้างสรรค์งานทัศนศิลป์ตามจินตนาการ และความคิดสร้างสรรค์ วิเคราะห์ วิพากษ์วิจารณ์ คุณค่า งานทัศนศิลป์ ถ่ายทอดความรู้สึก ความคิดต่องานศิลปะอย่างอิสระ ชื่นชม และประยุกต์ใช้ ในชีวิตประจำวัน,1,ศ 1.1 ม.1/5,ออกแบบรูปภาพ สัญลักษณ์หรือกราฟิกอื่น ๆ ในการนําเสนอ,ศ 1.1 ม.1/4,รวบรวมงานปั้นหรือ สื่อผสมมาสร้างเป็นเรื่องราว 3 มิติ โดยเน้นความเป็นเอกภาพ ความกลมกลืน และการสื่อถึง เรื่องราวของงาน
เลขกลุ่มสาระ,กลุ่มสาระการเรียนรู้ศิลปะ,1,ทัศนศิลป์,ศ 1,ศ 1.1,1.1 สร้างสรรค์งานทัศนศิลป์ตามจินตนาการ และความคิดสร้างสรรค์ วิเคราะห์ วิพากษ์วิจารณ์ คุณค่า งานทัศนศิลป์ ถ่ายทอดความรู้สึก ความคิดต่องานศิลปะอย่างอิสระ ชื่นชม และประยุกต์ใช้ ในชีวิตประจำวัน,2,ศ 1.1 ม.1/6,ประเมินงานทัศนศิลป์ และบรรยายถึงวิธีการ ปรับปรุงงานของตนเองและผู้อื่นโดยใช้เกณฑ์ที่กําหนดให้,ศ 1.1 ม.1/3,วาดภาพทัศนียภาพ แสดงให้เห็นระยะไกลใกล้ เป็น 3 มิติ
เลขกลุ่มสาระ,กลุ่มสาระการเรียนรู้ศิลปะ,1,ทัศนศิลป์,ศ 1,ศ 1.2,1.2 เข้าใจความสัมพันธ์ระหว่างทัศนศิลป์ ประวัติศาสตร์ และวัฒนธรรม เห็นคุณค่างานทัศนศิลป์ ที่เป็นมรดกทางวัฒนธรรม ภูมิปัญญาท้องถิ่น ภูมิปัญญาไทย และสากล,3,ศ 1.2 ม.1/1,ระบุ และบรรยายเกี่ยวกับลักษณะ รูปแบบงาน ทัศนศิลป์ของชาติและของท้องถิ่นตนเองจากอดีตจนถึงปัจจุบัน,ศ 1.2 ม.1/3,เปรียบเทียบความแตกต่างของจุดประสงค์ในการสร้างสรรค์งานทัศนศิลป์ของวัฒนธรรมไทยและสากล
เลขกลุ่มสาระ,กลุ่มสาระการเรียนรู้ศิลปะ,1,ทัศนศิลป์,ศ 1,ศ 1.2,1.2 เข้าใจความสัมพันธ์ระหว่างทัศนศิลป์ ประวัติศาสตร์ และวัฒนธรรม เห็นคุณค่างานทัศนศิลป์ ที่เป็นมรดกทางวัฒนธรรม ภูมิปัญญาท้องถิ่น ภูมิปัญญาไทย และสากล,3,ศ 1.2 ม.1/2,ระบุ และเปรียบเทียบงานทัศนศิลป์ของภาค ต่าง ๆ ในประเทศไทย,ศ 1.2 ม.1/3,เปรียบเทียบความแตกต่างของจุดประสงค์ในการสร้างสรรค์งานทัศนศิลป์ของวัฒนธรรมไทยและสากล
เลขกลุ่มสาระ,กลุ่มสาระการเรียนรู้ศิลปะ,2,ดนตรี,ศ 2,ศ 2.1,2.1 เข้าใจและแสดงออกทางดนตรีอย่างสร้างสรรค์ วิเคราะห์ วิพากษ์วิจารณ์ คุณค่าดนตรี ถ่ายทอดความรู้สึก ความคิดต่อดนตรีอย่างอิสระ ชื่นชม และประยุกต์ใช้ในชีวิตประจำวัน,4,ศ 2.1 ม.1/1,อ่าน เขียน ร้องโน้ตไทยและโน้ตสากล,ศ 2.1 ม.1/3,ร้องเพลงและใช้ เครื่องดนตรี บรรเลงประกอบการ ร้องเพลงด้วยบทเพลงที่หลากหลาย รูปแบบ
เลขกลุ่มสาระ,กลุ่มสาระการเรียนรู้ศิลปะ,2,ดนตรี,ศ 2,ศ 2.1,2.1 เข้าใจและแสดงออกทางดนตรีอย่างสร้างสรรค์ วิเคราะห์ วิพากษ์วิจารณ์ คุณค่าดนตรี ถ่ายทอดความรู้สึก ความคิดต่อดนตรีอย่างอิสระ ชื่นชม และประยุกต์ใช้ในชีวิตประจำวัน,4,ศ 2.1 ม.1/7,นําเสนอตัวอย่างเพลงที่ตนเอง ชื่นชอบ และ อภิปรายลักษณะเด่น ที่ทําให้งานนั้นน่าชื่นชม,ศ 2.1 ม.1/3,ร้องเพลงและใช้ เครื่องดนตรี บรรเลงประกอบการ ร้องเพลงด้วยบทเพลงที่หลากหลาย รูปแบบ
เลขกลุ่มสาระ,กลุ่มสาระการเรียนรู้ศิลปะ,2,ดนตรี,ศ 2,ศ 2.1,2.1 เข้าใจและแสดงออกทางดนตรีอย่างสร้างสรรค์ วิเคราะห์ วิพากษ์วิจารณ์ คุณค่าดนตรี ถ่ายทอดความรู้สึก ความคิดต่อดนตรีอย่างอิสระ ชื่นชม และประยุกต์ใช้ในชีวิตประจำวัน,4,ศ 2.1 ม.1/8,ใช้เกณฑ์สําหรับประเมินคุณภาพ งานดนตรี หรือเพลงที่ฟัง,ศ 2.1 ม.1/3,ร้องเพลงและใช้ เครื่องดนตรี บรรเลงประกอบการ ร้องเพลงด้วยบทเพลงที่หลากหลาย รูปแบบ
เลขกลุ่มสาระ,กลุ่มสาระการเรียนรู้ศิลปะ,2,ดนตรี,ศ 2,ศ 2.1,2.1 เข้าใจและแสดงออกทางดนตรีอย่างสร้างสรรค์ วิเคราะห์ วิพากษ์วิจารณ์ คุณค่าดนตรี ถ่ายทอดความรู้สึก ความคิดต่อดนตรีอย่างอิสระ ชื่นชม และประยุกต์ใช้ในชีวิตประจำวัน,4,ศ 2.1 ม.1/9,ใช้และบํารุงรักษาเครื่องดนตรี อย่างระมัดระวัง และรับผิดชอบ,ศ 2.1 ม.1/3,ร้องเพลงและใช้ เครื่องดนตรี บรรเลงประกอบการ ร้องเพลงด้วยบทเพลงที่หลากหลาย รูปแบบ
เลขกลุ่มสาระ,กลุ่มสาระการเรียนรู้ศิลปะ,2,ดนตรี,ศ 2,ศ 2.1,2.1 เข้าใจและแสดงออกทางดนตรีอย่างสร้างสรรค์ วิเคราะห์ วิพากษ์วิจารณ์ คุณค่าดนตรี ถ่ายทอดความรู้สึก ความคิดต่อดนตรีอย่างอิสระ ชื่นชม และประยุกต์ใช้ในชีวิตประจำวัน,5,ศ 2.1 ม.1/2,เปรียบเทียบเสียงร้องและเสียงของเครื่องดนตรี ที่มาจากวัฒนธรรม ที่ต่างกัน,ศ 2.1 ม.1/6,เปรียบเทียบอารมณ์ความรู้สึก ในการฟังดนตรีแต่ละประเภท
เลขกลุ่มสาระ,กลุ่มสาระการเรียนรู้ศิลปะ,2,ดนตรี,ศ 2,ศ 2.1,2.1 เข้าใจและแสดงออกทางดนตรีอย่างสร้างสรรค์ วิเคราะห์ วิพากษ์วิจารณ์ คุณค่าดนตรี ถ่ายทอดความรู้สึก ความคิดต่อดนตรีอย่างอิสระ ชื่นชม และประยุกต์ใช้ในชีวิตประจำวัน,5,ศ 2.1 ม.1/5,แสดงความคิดเห็นที่มีต่ออารมณ์ของบทเพลงที่มีความเร็วของจังหวะ และความดัง – เบาแตกต่างกัน,ศ 2.1 ม.1/6,เปรียบเทียบอารมณ์ความรู้สึก ในการฟังดนตรีแต่ละประเภท
เลขกลุ่มสาระ,กลุ่มสาระการเรียนรู้ศิลปะ,2,ดนตรี,ศ 2,ศ 2.1,2.1 เข้าใจและแสดงออกทางดนตรีอย่างสร้างสรรค์ วิเคราะห์ วิพากษ์วิจารณ์ คุณค่าดนตรี ถ่ายทอดความรู้สึก ความคิดต่อดนตรีอย่างอิสระ ชื่นชม และประยุกต์ใช้ในชีวิตประจำวัน,6,ศ 2.1 ม.1/4,จัดประเภทของวงดนตรีไทย และวงดนตรีที่มา จากวัฒนธรรมต่าง ๆ,ศ 2.2 ม.1/1,อธิบายบทบาทความสัมพันธ์และอิทธิพลของดนตรีที่มีต่อสังคมไทย
เลขกลุ่มสาระ,กลุ่มสาระการเรียนรู้ศิลปะ,2,ดนตรี,ศ 2,ศ 2.2,2.2 เข้าใจความสัมพันธ์ระหว่างดนตรี ประวัติศาสตร์ และวัฒนธรรม เห็นคุณค่าของดนตรีที่เป็น มรดกทางวัฒนธรรม ภูมิปัญญาท้องถิ่น ภูมิปัญญาไทยและสากล,6,ศ 2.2 ม.1/2,ระบุความหลากหลายขององค์ประกอบดนตรีในวัฒนธรรมต่างกัน,ศ 2.2 ม.1/1,อธิบายบทบาทความสัมพันธ์และอิทธิพลของดนตรีที่มีต่อสังคมไทย
เลขกลุ่มสาระ,กลุ่มสาระการเรียนรู้ศิลปะ,3,นาฏศิลป์,ศ 3,ศ 3.1,3.1 เข้าใจและแสดงออกทางนาฏศิลป์อย่างสร้างสรรค์ วิเคราะห์ วิพากษ์วิจารณ์ คุณค่านาฏศิลป์ ถ่ายทอดความรู้สึก ความคิดอย่างอิสระ ชื่นชม และประยุกต์ใช้ในชีวิตประจำวัน,7,ศ 3.1 ม.1/2,ใช้นาฏยศัพท์หรือศัพท์ทางการละครในการแสดง,ศ 2.2 ม.1/4,ใช้ทักษะการทํางานเป็นกลุ่มในกระบวนการผลิตการแสดง
เลขกลุ่มสาระ,กลุ่มสาระการเรียนรู้ศิลปะ,3,นาฏศิลป์,ศ 3,ศ 3.1,3.1 เข้าใจและแสดงออกทางนาฏศิลป์อย่างสร้างสรรค์ วิเคราะห์ วิพากษ์วิจารณ์ คุณค่านาฏศิลป์ ถ่ายทอดความรู้สึก ความคิดอย่างอิสระ ชื่นชม และประยุกต์ใช้ในชีวิตประจำวัน,7,ศ 3.1 ม.1/3,แสดงนาฏศิลป์และละครในรูปแบบง่าย ๆ,ศ 2.2 ม.1/4,ใช้ทักษะการทํางานเป็นกลุ่มในกระบวนการผลิตการแสดง
เลขกลุ่มสาระ,กลุ่มสาระการเรียนรู้ศิลปะ,3,นาฏศิลป์,ศ 3,ศ 3.1,3.1 เข้าใจและแสดงออกทางนาฏศิลป์อย่างสร้างสรรค์ วิเคราะห์ วิพากษ์วิจารณ์ คุณค่านาฏศิลป์ ถ่ายทอดความรู้สึก ความคิดอย่างอิสระ ชื่นชม และประยุกต์ใช้ในชีวิตประจำวัน,7,ศ 3.1 ม.1/5,ใช้เกณฑ์ง่าย ๆ ที่กําหนดให้ในการพิจารณา คุณภาพ การแสดงที่ชม โดยเน้นเรื่องการใช้เสียงการแสดงท่า และการเคลื่อนไหว,ศ 2.2 ม.1/4,ใช้ทักษะการทํางานเป็นกลุ่มในกระบวนการผลิตการแสดง
เลขกลุ่มสาระ,กลุ่มสาระการเรียนรู้ศิลปะ,3,นาฏศิลป์,ศ 3,ศ 3.1,3.1 เข้าใจและแสดงออกทางนาฏศิลป์อย่างสร้างสรรค์ วิเคราะห์ วิพากษ์วิจารณ์ คุณค่านาฏศิลป์ ถ่ายทอดความรู้สึก ความคิดอย่างอิสระ ชื่นชม และประยุกต์ใช้ในชีวิตประจำวัน,8,ศ 3.1 ม.1/1,อธิบายอิทธิพลของนักแสดงชื่อดัง ที่มีผลต่อ การโน้มน้าวอารมณ์หรือความคิดของผู้ชม,ศ 3.2 ม.1/1,ระบุปัจจัยที่มีผลต่อ การเปลี่ยนแปลงของนาฏศิลป์ นาฏศิลป์พื้นบ้าน ละครไทยและ ละครพื้นบ้าน
เลขกลุ่มสาระ,กลุ่มสาระการเรียนรู้ศิลปะ,3,นาฏศิลป์,ศ 3,ศ 3.2,3.2 เข้าใจความสัมพันธ์ระหว่างนาฏศิลป์ ประวัติศาสตร์ และวัฒนธรรม เห็นคุณค่าของนาฏศิลป์ ที่เป็นมรดกทางวัฒนธรรม ภูมิปัญญาท้องถิ่น ภูมิปัญญาไทยและสากล,8,ศ 3.2 ม.1/2,บรรยายประเภทของละครไทย ในแต่ละยุคสมัย,ศ 3.2 ม.1/1,ระบุปัจจัยที่มีผลต่อ การเปลี่ยนแปลงของนาฏศิลป์ นาฏศิลป์พื้นบ้าน ละครไทยและ ละครพื้นบ้าน
เลขกลุ่มสาระ,กลุ่มสาระการเรียนรู้ศิลปะ,1,ทัศนศิลป์,ศ 1,ศ 1.1,1.1 สร้างสรรค์งานทัศนศิลป์ตามจินตนาการ และความคิดสร้างสรรค์ วิเคราะห์ วิพากษ์วิจารณ์ คุณค่า งานทัศนศิลป์ ถ่ายทอดความรู้สึก ความคิดต่องานศิลปะอย่างอิสระ ชื่นชม และประยุกต์ใช้ ในชีวิตประจำวัน,1,ศ 1.1 ม.2/1,อภิปรายเกี่ยวกับทัศนธาตุในด้านรูปแบบและแนวคิดของงานทัศนศิลป์ที่เลือกมา,ศ 1.1 ม.2/2,บรรยายเกี่ยวกับความเหมือนและความแตกต่างของรูปแบบการใช้วัสดุอุปกรณ์ในงานทัศนศิลป์ของศิลปิน
เลขกลุ่มสาระ,กลุ่มสาระการเรียนรู้ศิลปะ,1,ทัศนศิลป์,ศ 1,ศ 1.1,1.1 สร้างสรรค์งานทัศนศิลป์ตามจินตนาการ และความคิดสร้างสรรค์ วิเคราะห์ วิพากษ์วิจารณ์ คุณค่า งานทัศนศิลป์ ถ่ายทอดความรู้สึก ความคิดต่องานศิลปะอย่างอิสระ ชื่นชม และประยุกต์ใช้ ในชีวิตประจำวัน,2,ศ 1.1 ม.2/3,วาดภาพด้วยเทคนิคที่หลากหลายในการ สื่อความหมายและเรื่องราวต่าง ๆ,ศ 1.1 ม.2/5,นําผลการวิจารณ์ไปปรับปรุงแก้ไขและพัฒนางาน
เลขกลุ่มสาระ,กลุ่มสาระการเรียนรู้ศิลปะ,1,ทัศนศิลป์,ศ 1,ศ 1.1,1.1 สร้างสรรค์งานทัศนศิลป์ตามจินตนาการ และความคิดสร้างสรรค์ วิเคราะห์ วิพากษ์วิจารณ์ คุณค่า งานทัศนศิลป์ ถ่ายทอดความรู้สึก ความคิดต่องานศิลปะอย่างอิสระ ชื่นชม และประยุกต์ใช้ ในชีวิตประจำวัน,2,ศ 1.1 ม.2/4,สร้างเกณฑ์ในการประเมินและวิจารณ์งานทัศนศิลป์,ศ 1.1 ม.2/5,นําผลการวิจารณ์ไปปรับปรุงแก้ไขและพัฒนางาน
เลขกลุ่มสาระ,กลุ่มสาระการเรียนรู้ศิลปะ,1,ทัศนศิลป์,ศ 1,ศ 1.1,1.1 สร้างสรรค์งานทัศนศิลป์ตามจินตนาการ และความคิดสร้างสรรค์ วิเคราะห์ วิพากษ์วิจารณ์ คุณค่า งานทัศนศิลป์ ถ่ายทอดความรู้สึก ความคิดต่องานศิลปะอย่างอิสระ ชื่นชม และประยุกต์ใช้ ในชีวิตประจำวัน,3,ศ 1.1 ม.2/6,วาดภาพแสดงบุคลิกลักษณะของตัวละคร,ศ 1.1 ม.2/7,บรรยายวิธีการใช้งานทัศนศิลป์ในการโฆษณาเพื่อโน้มน้าวใจและนําเสนอตัวอย่างประกอบ
เลขกลุ่มสาระ,กลุ่มสาระการเรียนรู้ศิลปะ,1,ทัศนศิลป์,ศ 1,ศ 1.2,1.2 เข้าใจความสัมพันธ์ระหว่างทัศนศิลป์ ประวัติศาสตร์ และวัฒนธรรม เห็นคุณค่างานทัศนศิลป์ ที่เป็นมรดกทางวัฒนธรรม ภูมิปัญญาท้องถิ่น ภูมิปัญญาไทย และสากล,4,ศ 1.2 ม.2/1,และบรรยายเกี่ยวกับวัฒนธรรมต่าง ๆ ที่สะท้อนถึงงานทัศนศิลป์ในปัจจุบัน,ศ 1.2 ม.2/3,เปรียบเทียบแนวคิดในการออกแบบงานทัศนศิลป์ที่มาจากวัฒนธรรมไทยและสากล
เลขกลุ่มสาระ,กลุ่มสาระการเรียนรู้ศิลปะ,1,ทัศนศิลป์,ศ 1,ศ 1.2,1.2 เข้าใจความสัมพันธ์ระหว่างทัศนศิลป์ ประวัติศาสตร์ และวัฒนธรรม เห็นคุณค่างานทัศนศิลป์ ที่เป็นมรดกทางวัฒนธรรม ภูมิปัญญาท้องถิ่น ภูมิปัญญาไทย และสากล,4,ศ 1.2 ม.2/2,บรรยายถึงการเปลี่ยนแปลงของงานทัศนศิลป์ของไทยในแต่ละยุคสมัยโดยเน้นถึงแนวคิดและเนื้อหาของงาน,ศ 1.2 ม.2/3,เปรียบเทียบแนวคิดในการออกแบบงานทัศนศิลป์ที่มาจากวัฒนธรรมไทยและสากล
เลขกลุ่มสาระ,กลุ่มสาระการเรียนรู้ศิลปะ,2,ดนตรี,ศ 2,ศ 2.1,2.1 เข้าใจและแสดงออกทางดนตรีอย่างสร้างสรรค์ วิเคราะห์ วิพากษ์วิจารณ์ คุณค่าดนตรี ถ่ายทอดความรู้สึก ความคิดต่อดนตรีอย่างอิสระ ชื่นชม และประยุกต์ใช้ในชีวิตประจำวัน,5,ศ 2.1 ม.2/1,เปรียบเทียบการใช้องค์ประกอบดนตรีที่มาจากวัฒนธรรมต่างกัน,ศ 2.1 ม.2/3,ระบุปัจจัยสําคัญที่มีอิทธิพลต่อการสร้างสรรค์งานดนตรี
เลขกลุ่มสาระ,กลุ่มสาระการเรียนรู้ศิลปะ,2,ดนตรี,ศ 2,ศ 2.1,2.1 เข้าใจและแสดงออกทางดนตรีอย่างสร้างสรรค์ วิเคราะห์ วิพากษ์วิจารณ์ คุณค่าดนตรี ถ่ายทอดความรู้สึก ความคิดต่อดนตรีอย่างอิสระ ชื่นชม และประยุกต์ใช้ในชีวิตประจำวัน,6,ศ 2.1 ม.2/2,อ่าน เขียนร้องโน้ตไทยและโน้ตสากล ที่มีเครื่องหมายแปลงเสียง,ศ 2.1 ม.2/4,ร้องเพลง และเล่น ดนตรีเดี่ยว และรวมวง
เลขกลุ่มสาระ,กลุ่มสาระการเรียนรู้ศิลปะ,2,ดนตรี,ศ 2,ศ 2.1,2.1 เข้าใจและแสดงออกทางดนตรีอย่างสร้างสรรค์ วิเคราะห์ วิพากษ์วิจารณ์ คุณค่าดนตรี ถ่ายทอดความรู้สึก ความคิดต่อดนตรีอย่างอิสระ ชื่นชม และประยุกต์ใช้ในชีวิตประจำวัน,6,ศ 2.1 ม.2/5,บรรยายอารมณ์ของเพลง และความรู้สึกที่มีต่อ บทเพลงที่ฟัง,ศ 2.1 ม.2/4,ร้องเพลง และเล่น ดนตรีเดี่ยว และรวมวง
เลขกลุ่มสาระ,กลุ่มสาระการเรียนรู้ศิลปะ,2,ดนตรี,ศ 2,ศ 2.1,2.1 เข้าใจและแสดงออกทางดนตรีอย่างสร้างสรรค์ วิเคราะห์ วิพากษ์วิจารณ์ คุณค่าดนตรี ถ่ายทอดความรู้สึก ความคิดต่อดนตรีอย่างอิสระ ชื่นชม และประยุกต์ใช้ในชีวิตประจำวัน,6,ศ 2.1 ม.2/6,ประเมินพัฒนาการทักษะทางดนตรีของตนเองหลังจากการฝึกปฏิบัติ,ศ 2.1 ม.2/4,ร้องเพลง และเล่น ดนตรีเดี่ยว และรวมวง
เลขกลุ่มสาระ,กลุ่มสาระการเรียนรู้ศิลปะ,2,ดนตรี,ศ 2,ศ 2.1,2.1 เข้าใจและแสดงออกทางดนตรีอย่างสร้างสรรค์ วิเคราะห์ วิพากษ์วิจารณ์ คุณค่าดนตรี ถ่ายทอดความรู้สึก ความคิดต่อดนตรีอย่างอิสระ ชื่นชม และประยุกต์ใช้ในชีวิตประจำวัน,7,-,-,ศ 2.1 ม.2/7,ระบุงานอาชีพ ต่าง ๆ ที่เกี่ยวข้องกับ ดนตรีและ บทบาทของดนตรีในธุรกิจบันเทิง
เลขกลุ่มสาระ,กลุ่มสาระการเรียนรู้ศิลปะ,2,ดนตรี,ศ 2,ศ 2.2,2.2 เข้าใจความสัมพันธ์ระหว่างดนตรี ประวัติศาสตร์ และวัฒนธรรม เห็นคุณค่าของดนตรีที่เป็น มรดกทางวัฒนธรรม ภูมิปัญญาท้องถิ่น ภูมิปัญญาไทยและสากล,8,ศ 2.2 ม.2/1,บรรยายบทบาทและอิทธิพล ของดนตรีใน วัฒนธรรมของประเทศต่าง ๆ,ศ 2.2 ม.2/2,บรรยายอิทธิพล ของวัฒนธรรม และเหตุการณ์ ในประวัติศาสตร์ที่มีต่อรูปแบบ ของดนตรีในประเทศไทย
เลขกลุ่มสาระ,กลุ่มสาระการเรียนรู้ศิลปะ,3,นาฏศิลป์,ศ 3,ศ 3.1,3.1 เข้าใจและแสดงออกทางนาฏศิลป์อย่างสร้างสรรค์ วิเคราะห์ วิพากษ์วิจารณ์ คุณค่านาฏศิลป์ ถ่ายทอดความรู้สึก ความคิดอย่างอิสระ ชื่นชม และประยุกต์ใช้ในชีวิตประจำวัน,9,ศ 3.1 ม.2/3,วิเคราะห์การแสดงของตนเองและผู้อื่น โดยใช้ นาฏยศัพท์หรือศัพท์ทางการละคร ที่เหมาะสม,ศ 3.1 ม.2/2,สร้างสรรค์การแสดงโดยใช้องค์ประกอบนาฏศิลป์และการละคร
เลขกลุ่มสาระ,กลุ่มสาระการเรียนรู้ศิลปะ,3,นาฏศิลป์,ศ 3,ศ 3.2,3.2 เข้าใจความสัมพันธ์ระหว่างนาฏศิลป์ ประวัติศาสตร์ และวัฒนธรรม เห็นคุณค่าของนาฏศิลป์ ที่เป็นมรดกทางวัฒนธรรม ภูมิปัญญาท้องถิ่น ภูมิปัญญาไทยและสากล,9,ศ 3.1 ม.2/4,เสนอข้อคิดเห็นในการปรับปรุงการแสดง,ศ 3.1 ม.2/2,สร้างสรรค์การแสดงโดยใช้องค์ประกอบนาฏศิลป์และการละคร
เลขกลุ่มสาระ,กลุ่มสาระการเรียนรู้ศิลปะ,3,นาฏศิลป์,ศ 3,ศ 3.2,3.2 เข้าใจความสัมพันธ์ระหว่างนาฏศิลป์ ประวัติศาสตร์ และวัฒนธรรม เห็นคุณค่าของนาฏศิลป์ ที่เป็นมรดกทางวัฒนธรรม ภูมิปัญญาท้องถิ่น ภูมิปัญญาไทยและสากล,9,ศ 3.1 ม.2/5,เชื่อมโยงการเรียนรู้ระหว่างนาฏศิลป์และการละคร กับสาระการเรียนรู้อื่น ๆ,ศ 3.1 ม.2/2,สร้างสรรค์การแสดงโดยใช้องค์ประกอบนาฏศิลป์และการละคร
เลขกลุ่มสาระ,กลุ่มสาระการเรียนรู้ศิลปะ,3,นาฏศิลป์,ศ 3,ศ 3.2,3.2 เข้าใจความสัมพันธ์ระหว่างนาฏศิลป์ ประวัติศาสตร์ และวัฒนธรรม เห็นคุณค่าของนาฏศิลป์ ที่เป็นมรดกทางวัฒนธรรม ภูมิปัญญาท้องถิ่น ภูมิปัญญาไทยและสากล,9,ศ 3.2 ม.2/2,ระบุหรือแสดงนาฏศิลป์ นาฏศิลป์พื้นบ้าน ละครไทย ละครพื้นบ้าน หรือมหรสพอื่นที่เคยนิยมกันในอดีต,ศ 3.1 ม.2/2,สร้างสรรค์การแสดงโดยใช้องค์ประกอบนาฏศิลป์และการละคร
เลขกลุ่มสาระ,กลุ่มสาระการเรียนรู้ศิลปะ,3,นาฏศิลป์,ศ 3,ศ 3.2,3.2 เข้าใจความสัมพันธ์ระหว่างนาฏศิลป์ ประวัติศาสตร์ และวัฒนธรรม เห็นคุณค่าของนาฏศิลป์ ที่เป็นมรดกทางวัฒนธรรม ภูมิปัญญาท้องถิ่น ภูมิปัญญาไทยและสากล,10,ศ 3.1 ม.2/1,อธิบายการบูรณาการศิลปะแขนงอื่น ๆ กับการแสดง,ศ 3.2 ม.2/1,เปรียบเทียบลักษณะเฉพาะของการแสดงนาฏศิลป์จากวัฒนธรรมต่าง ๆ
เลขกลุ่มสาระ,กลุ่มสาระการเรียนรู้ศิลปะ,3,นาฏศิลป์,ศ 3,ศ 3.2,3.2 เข้าใจความสัมพันธ์ระหว่างนาฏศิลป์ ประวัติศาสตร์ และวัฒนธรรม เห็นคุณค่าของนาฏศิลป์ ที่เป็นมรดกทางวัฒนธรรม ภูมิปัญญาท้องถิ่น ภูมิปัญญาไทยและสากล,10,ศ 3.2 ม.2/3,อธิบายอิทธิพลของวัฒนธรรมที่มีผลต่อเนื้อหาของละคร,ศ 3.2 ม.2/1,เปรียบเทียบลักษณะเฉพาะของการแสดงนาฏศิลป์จากวัฒนธรรมต่าง ๆ
เลขกลุ่มสาระ,กลุ่มสาระการเรียนรู้ศิลปะ,1,ทัศนศิลป์,ศ 1,ศ 1.1,1.1 สร้างสรรค์งานทัศนศิลป์ตามจินตนาการ และความคิดสร้างสรรค์ วิเคราะห์ วิพากษ์วิจารณ์ คุณค่า งานทัศนศิลป์ ถ่ายทอดความรู้สึก ความคิดต่องานศิลปะอย่างอิสระ ชื่นชม และประยุกต์ใช้ ในชีวิตประจำวัน,1,ศ 1.1 ม.3/1,บรรยายสิ่งแวดล้อม และงานทัศนศิลป์ที่เลือกมา โดยใช้ความรู้เรื่องทัศนธาตุ และหลักการออกแบบ,ศ 1.1 ม.3/7,สร้างสรรค์งาน ทัศนศิลป์ สื่อความหมายเป็น เรื่องราว โดยประยุกต์ใช้ทัศนธาตุ และหลักการออกแบบ
เลขกลุ่มสาระ,กลุ่มสาระการเรียนรู้ศิลปะ,1,ทัศนศิลป์,ศ 1,ศ 1.1,1.1 สร้างสรรค์งานทัศนศิลป์ตามจินตนาการ และความคิดสร้างสรรค์ วิเคราะห์ วิพากษ์วิจารณ์ คุณค่า งานทัศนศิลป์ ถ่ายทอดความรู้สึก ความคิดต่องานศิลปะอย่างอิสระ ชื่นชม และประยุกต์ใช้ ในชีวิตประจำวัน,1,ศ 1.1 ม.3/3,วิเคราะห์ และบรรยายวิธีการใช้ ทัศนธาตุ และ หลักการออกแบบในการสร้างงานทัศนศิลป์ของตนเอง ให้มีคุณภาพ,ศ 1.1 ม.3/7,สร้างสรรค์งาน ทัศนศิลป์ สื่อความหมายเป็น เรื่องราว โดยประยุกต์ใช้ทัศนธาตุ และหลักการออกแบบ
เลขกลุ่มสาระ,กลุ่มสาระการเรียนรู้ศิลปะ,1,ทัศนศิลป์,ศ 1,ศ 1.1,1.1 สร้างสรรค์งานทัศนศิลป์ตามจินตนาการ และความคิดสร้างสรรค์ วิเคราะห์ วิพากษ์วิจารณ์ คุณค่า งานทัศนศิลป์ ถ่ายทอดความรู้สึก ความคิดต่องานศิลปะอย่างอิสระ ชื่นชม และประยุกต์ใช้ ในชีวิตประจำวัน,1,ศ 1.1 ม.3/10,ระบุอาชีพที่เกี่ยวข้องกับงานทัศนศิลป์ และทักษะที่จําเป็นในการประกอบอาชีพนั้น ๆ,ศ 1.1 ม.3/7,สร้างสรรค์งาน ทัศนศิลป์ สื่อความหมายเป็น เรื่องราว โดยประยุกต์ใช้ทัศนธาตุ และหลักการออกแบบ
เลขกลุ่มสาระ,กลุ่มสาระการเรียนรู้ศิลปะ,1,ทัศนศิลป์,ศ 1,ศ 1.1,1.1 สร้างสรรค์งานทัศนศิลป์ตามจินตนาการ และความคิดสร้างสรรค์ วิเคราะห์ วิพากษ์วิจารณ์ คุณค่า งานทัศนศิลป์ ถ่ายทอดความรู้สึก ความคิดต่องานศิลปะอย่างอิสระ ชื่นชม และประยุกต์ใช้ ในชีวิตประจำวัน,2,ศ 1.1 ม.3/4,มีทักษะในการสร้างงานทัศนศิลป์อย่างน้อย 3 ประเภท,ศ 1.1 ม.3/11,เลือกงาน ทัศนศิลป์โดยใช้เกณฑ์ที่กําหนดขึ้น อย่างเหมาะสม และนําไป จัดนิทรรศการ
เลขกลุ่มสาระ,กลุ่มสาระการเรียนรู้ศิลปะ,1,ทัศนศิลป์,ศ 1,ศ 1.1,1.1 สร้างสรรค์งานทัศนศิลป์ตามจินตนาการ และความคิดสร้างสรรค์ วิเคราะห์ วิพากษ์วิจารณ์ คุณค่า งานทัศนศิลป์ ถ่ายทอดความรู้สึก ความคิดต่องานศิลปะอย่างอิสระ ชื่นชม และประยุกต์ใช้ ในชีวิตประจำวัน,2,ศ 1.1 ม.3/9,สร้างสรรค์งานทัศนศิลป์เพื่อบรรยายเหตุการณ์ ต่าง ๆ โดยใช้เทคนิคที่หลากหลาย,ศ 1.1 ม.3/11,เลือกงาน ทัศนศิลป์โดยใช้เกณฑ์ที่กําหนดขึ้น อย่างเหมาะสม และนําไป จัดนิทรรศการ
เลขกลุ่มสาระ,กลุ่มสาระการเรียนรู้ศิลปะ,1,ทัศนศิลป์,ศ 1,ศ 1.1,1.1 สร้างสรรค์งานทัศนศิลป์ตามจินตนาการ และความคิดสร้างสรรค์ วิเคราะห์ วิพากษ์วิจารณ์ คุณค่า งานทัศนศิลป์ ถ่ายทอดความรู้สึก ความคิดต่องานศิลปะอย่างอิสระ ชื่นชม และประยุกต์ใช้ ในชีวิตประจำวัน,3,ศ 1.1 ม.3/5,มีทักษะในการผสมผสานวัสดุต่าง ๆ ในการ สร้างงานทัศนศิลป์โดยใช้หลักการออกแบบ,ศ 1.1 ม.3/6,สร้างงานทัศนศิลป์ ทั้ง 2 มิติ และ 3 มิติ เพื่อถ่ายทอด ประสบการณ์และจินตนาการ
เลขกลุ่มสาระ,กลุ่มสาระการเรียนรู้ศิลปะ,1,ทัศนศิลป์,ศ 1,ศ 1.1,1.1 สร้างสรรค์งานทัศนศิลป์ตามจินตนาการ และความคิดสร้างสรรค์ วิเคราะห์ วิพากษ์วิจารณ์ คุณค่า งานทัศนศิลป์ ถ่ายทอดความรู้สึก ความคิดต่องานศิลปะอย่างอิสระ ชื่นชม และประยุกต์ใช้ ในชีวิตประจำวัน,4,ศ 1.1 ม.3/2,ระบุ และบรรยายเทคนิค วิธีการ ของศิลปิน ในการสร้างงาน ทัศนศิลป์,ศ 1.2 ม.3/2,เปรียบเทียบความแตกต่างของงานทัศนศิลป์ในแต่ละยุคสมัยของวัฒนธรรมไทยและสากล
เลขกลุ่มสาระ,กลุ่มสาระการเรียนรู้ศิลปะ,1,ทัศนศิลป์,ศ 1,ศ 1.2,1.2 เข้าใจความสัมพันธ์ระหว่างทัศนศิลป์ ประวัติศาสตร์ และวัฒนธรรม เห็นคุณค่างานทัศนศิลป์ ที่เป็นมรดกทางวัฒนธรรม ภูมิปัญญาท้องถิ่น ภูมิปัญญาไทย และสากล,4,ศ 1.1 ม.3/8,วิเคราะห์และอภิปรายรูปแบบ เนื้อหาและคุณค่าในงานทัศนศิลป์ของตนเอง และผู้อื่น หรือของศิลปิน,ศ 1.2 ม.3/2,เปรียบเทียบความแตกต่างของงานทัศนศิลป์ในแต่ละยุคสมัยของวัฒนธรรมไทยและสากล
เลขกลุ่มสาระ,กลุ่มสาระการเรียนรู้ศิลปะ,1,ทัศนศิลป์,ศ 1,ศ 1.2,1.2 เข้าใจความสัมพันธ์ระหว่างทัศนศิลป์ ประวัติศาสตร์ และวัฒนธรรม เห็นคุณค่างานทัศนศิลป์ ที่เป็นมรดกทางวัฒนธรรม ภูมิปัญญาท้องถิ่น ภูมิปัญญาไทย และสากล,4,ศ 1.2 ม.3/1,ศึกษาและอภิปรายเกี่ยวกับงานทัศนศิลป์ที่สะท้อนคุณค่าของวัฒนธรรม,ศ 1.2 ม.3/2,เปรียบเทียบความแตกต่างของงานทัศนศิลป์ในแต่ละยุคสมัยของวัฒนธรรมไทยและสากล
เลขกลุ่มสาระ,กลุ่มสาระการเรียนรู้ศิลปะ,2,ดนตรี,ศ 2,ศ 2.1,2.1 เข้าใจและแสดงออกทางดนตรีอย่างสร้างสรรค์ วิเคราะห์ วิพากษ์วิจารณ์ คุณค่าดนตรี ถ่ายทอดความรู้สึก ความคิดต่อดนตรีอย่างอิสระ ชื่นชม และประยุกต์ใช้ในชีวิตประจำวัน,5,ศ 2.1 ม.3/1,เปรียบเทียบองค์ประกอบที่ใช้ในงานดนตรีและงานศิลปะอื่น,ศ 2.1 ม.3/3,แต่งเพลงสั้นๆ จังหวะง่าย ๆ
เลขกลุ่มสาระ,กลุ่มสาระการเรียนรู้ศิลปะ,2,ดนตรี,ศ 2,ศ 2.2,2.2 เข้าใจความสัมพันธ์ระหว่างดนตรี ประวัติศาสตร์ และวัฒนธรรม เห็นคุณค่าของดนตรีที่เป็น มรดกทางวัฒนธรรม ภูมิปัญญาท้องถิ่น ภูมิปัญญาไทยและสากล,5,ศ 2.1 ม.3/4,อธิบายเหตุผลในการเลือกใช้องค์ประกอบดนตรีในการสร้างสรรค์งานดนตรีของตนเอง,ศ 2.1 ม.3/3,แต่งเพลงสั้นๆ จังหวะง่าย ๆ
เลขกลุ่มสาระ,กลุ่มสาระการเรียนรู้ศิลปะ,2,ดนตรี,ศ 2,ศ 2.2,2.2 เข้าใจความสัมพันธ์ระหว่างดนตรี ประวัติศาสตร์ และวัฒนธรรม เห็นคุณค่าของดนตรีที่เป็น มรดกทางวัฒนธรรม ภูมิปัญญาท้องถิ่น ภูมิปัญญาไทยและสากล,5,ศ 2.1 ม.3/5,เปรียบเทียบความแตกต่างระหว่าง งานดนตรี ของตนเองและผู้อื่น,ศ 2.1 ม.3/3,แต่งเพลงสั้นๆ จังหวะง่าย ๆ
เลขกลุ่มสาระ,กลุ่มสาระการเรียนรู้ศิลปะ,2,ดนตรี,ศ 2,ศ 2.2,2.2 เข้าใจความสัมพันธ์ระหว่างดนตรี ประวัติศาสตร์ และวัฒนธรรม เห็นคุณค่าของดนตรีที่เป็น มรดกทางวัฒนธรรม ภูมิปัญญาท้องถิ่น ภูมิปัญญาไทยและสากล,5,ศ 2.2 ม.3/2,อภิปรายลักษณะเด่นที่ท้าให้งานดนตรีนั้นได้รับการยอมรับ,ศ 2.1 ม.3/3,แต่งเพลงสั้นๆ จังหวะง่าย ๆ
เลขกลุ่มสาระ,กลุ่มสาระการเรียนรู้ศิลปะ,2,ดนตรี,ศ 2,ศ 2.2,2.2 เข้าใจความสัมพันธ์ระหว่างดนตรี ประวัติศาสตร์ และวัฒนธรรม เห็นคุณค่าของดนตรีที่เป็น มรดกทางวัฒนธรรม ภูมิปัญญาท้องถิ่น ภูมิปัญญาไทยและสากล,6,ศ 2.1 ม.3/7,นําเสนอหรือจัดการแสดงดนตรี ที่เหมาะสม โดยการบูรณาการ กับสาระการเรียนรู้อื่นในกลุ่มศิลปะ,ศ 2.1 ม.3/2,ร้องเพลง เล่นดนตรี เดี่ยวและรวมวง โดยเน้นเทคนิค การร้อง การเล่น การแสดงออก และคุณภาพเสียง
เลขกลุ่มสาระ,กลุ่มสาระการเรียนรู้ศิลปะ,2,ดนตรี,ศ 2,ศ 2.2,2.2 เข้าใจความสัมพันธ์ระหว่างดนตรี ประวัติศาสตร์ และวัฒนธรรม เห็นคุณค่าของดนตรีที่เป็น มรดกทางวัฒนธรรม ภูมิปัญญาท้องถิ่น ภูมิปัญญาไทยและสากล,7,ศ 2.1 ม.3/6,อธิบายเกี่ยวกับอิทธิพลของดนตรีที่มีต่อบุคคลและสังคม,ศ 2.2 ม.3/1,บรรยายวิวัฒนาการของดนตรีแต่ละยุคสมัย
เลขกลุ่มสาระ,กลุ่มสาระการเรียนรู้ศิลปะ,3,นาฏศิลป์,ศ 3,ศ 3.1,3.1 เข้าใจและแสดงออกทางนาฏศิลป์อย่างสร้างสรรค์ วิเคราะห์ วิพากษ์วิจารณ์ คุณค่านาฏศิลป์ ถ่ายทอดความรู้สึก ความคิดอย่างอิสระ ชื่นชม และประยุกต์ใช้ในชีวิตประจำวัน,8,ศ 3.1 ม.3/1,ระบุโครงสร้างของบทละครโดยใช้ศัพท์ทางการละคร,ศ 3.1 ม.3/4,มีทักษะในการแปลความและการสื่อสารผ่านการแสดง
เลขกลุ่มสาระ,กลุ่มสาระการเรียนรู้ศิลปะ,3,นาฏศิลป์,ศ 3,ศ 3.1,3.1 เข้าใจและแสดงออกทางนาฏศิลป์อย่างสร้างสรรค์ วิเคราะห์ วิพากษ์วิจารณ์ คุณค่านาฏศิลป์ ถ่ายทอดความรู้สึก ความคิดอย่างอิสระ ชื่นชม และประยุกต์ใช้ในชีวิตประจำวัน,8,ศ 3.1 ม.3/3,มีทักษะในการใช้ความคิดในการพัฒนารูปแบบการแสดง,ศ 3.1 ม.3/4,มีทักษะในการแปลความและการสื่อสารผ่านการแสดง
เลขกลุ่มสาระ,กลุ่มสาระการเรียนรู้ศิลปะ,3,นาฏศิลป์,ศ 3,ศ 3.1,3.1 เข้าใจและแสดงออกทางนาฏศิลป์อย่างสร้างสรรค์ วิเคราะห์ วิพากษ์วิจารณ์ คุณค่านาฏศิลป์ ถ่ายทอดความรู้สึก ความคิดอย่างอิสระ ชื่นชม และประยุกต์ใช้ในชีวิตประจำวัน,8,ศ 3.1 ม.3/7,นําเสนอแนวคิดจากเนื้อเรื่อง ของการแสดงที่ สามารถนําไปปรับใช้ ในชีวิตประจําวัน,ศ 3.1 ม.3/4,มีทักษะในการแปลความและการสื่อสารผ่านการแสดง
เลขกลุ่มสาระ,กลุ่มสาระการเรียนรู้ศิลปะ,3,นาฏศิลป์,ศ 3,ศ 3.1,3.1 เข้าใจและแสดงออกทางนาฏศิลป์อย่างสร้างสรรค์ วิเคราะห์ วิพากษ์วิจารณ์ คุณค่านาฏศิลป์ ถ่ายทอดความรู้สึก ความคิดอย่างอิสระ ชื่นชม และประยุกต์ใช้ในชีวิตประจำวัน,9,ศ 3.1 ม.3/2,ใช้นาฏยศัพท์หรือศัพท์ทางการละครที่เหมาะสมบรรยายเปรียบเทียบการแสดงอากัปกิริยาของผู้คนในชีวิตประจําวันและในการแสดง,ศ 3.1 ม.3/5,วิจารณ์เปรียบเทียบ งานนาฏศิลป์ ที่มีความแตกต่างกันโดยใช้ความรู้เรื่ององค์ประกอบนาฏศิลป์
เลขกลุ่มสาระ,กลุ่มสาระการเรียนรู้ศิลปะ,3,นาฏศิลป์,ศ 3,ศ 3.1,3.1 เข้าใจและแสดงออกทางนาฏศิลป์อย่างสร้างสรรค์ วิเคราะห์ วิพากษ์วิจารณ์ คุณค่านาฏศิลป์ ถ่ายทอดความรู้สึก ความคิดอย่างอิสระ ชื่นชม และประยุกต์ใช้ในชีวิตประจำวัน,9,ศ 3.1 ม.3/6,ร่วมจัดงานการแสดงในบทบาทหน้าที่ต่าง ๆ,ศ 3.1 ม.3/5,วิจารณ์เปรียบเทียบ งานนาฏศิลป์ ที่มีความแตกต่างกันโดยใช้ความรู้เรื่ององค์ประกอบนาฏศิลป์
เลขกลุ่มสาระ,กลุ่มสาระการเรียนรู้ศิลปะ,3,นาฏศิลป์,ศ 3,ศ 3.2,3.2 เข้าใจความสัมพันธ์ระหว่างนาฏศิลป์ ประวัติศาสตร์ และวัฒนธรรม เห็นคุณค่าของนาฏศิลป์ ที่เป็นมรดกทางวัฒนธรรม ภูมิปัญญาท้องถิ่น ภูมิปัญญาไทยและสากล,10,ศ 3.2 ม.3/1,ออกแบบ และสร้างสรรค์อุปกรณ์และเครื่องแต่งกาย เพื่อแสดงนาฏศิลป์และละครที่มาจากวัฒนธรรมต่าง ๆ,ศ 3.2 ม.3/2,อธิบายความสําคัญและบทบาทของนาฏศิลป์และการละครในชีวิตประจําวัน
เลขกลุ่มสาระ,กลุ่มสาระการเรียนรู้ศิลปะ,3,นาฏศิลป์,ศ 3,ศ 3.2,3.2 เข้าใจความสัมพันธ์ระหว่างนาฏศิลป์ ประวัติศาสตร์ และวัฒนธรรม เห็นคุณค่าของนาฏศิลป์ ที่เป็นมรดกทางวัฒนธรรม ภูมิปัญญาท้องถิ่น ภูมิปัญญาไทยและสากล,10,ศ 3.2 ม.3/3,แสดงความคิดเห็นในการอนุรักษ์,ศ 3.2 ม.3/2,อธิบายความสําคัญและบทบาทของนาฏศิลป์และการละครในชีวิตประจําวัน
เลขกลุ่มสาระ,กลุ่มสาระการเรียนรู้ศิลปะ,1,ทัศนศิลป์,ศ 1,ศ 1.1,1.1 สร้างสรรค์งานทัศนศิลป์ตามจินตนาการ และความคิดสร้างสรรค์ วิเคราะห์ วิพากษ์วิจารณ์ คุณค่า งานทัศนศิลป์ ถ่ายทอดความรู้สึก ความคิดต่องานศิลปะอย่างอิสระ ชื่นชม และประยุกต์ใช้ ในชีวิตประจำวัน,1,ศ 1.1 ม.4-6/1,วิเคราะห์การใช้ทัศนธาตุ และหลักการ ออกแบบในการสื่อความหมายในรูปแบบต่าง ๆ,ศ 1.1 ม.4-6/5,สร้างสรรค์งาน ทัศนศิลป์ด้วยเทคโนโลยีต่าง ๆ โดยเน้นหลักการออกแบบและ การจัดองค์ประกอบศิลป์
เลขกลุ่มสาระ,กลุ่มสาระการเรียนรู้ศิลปะ,1,ทัศนศิลป์,ศ 1,ศ 1.1,1.1 สร้างสรรค์งานทัศนศิลป์ตามจินตนาการ และความคิดสร้างสรรค์ วิเคราะห์ วิพากษ์วิจารณ์ คุณค่า งานทัศนศิลป์ ถ่ายทอดความรู้สึก ความคิดต่องานศิลปะอย่างอิสระ ชื่นชม และประยุกต์ใช้ ในชีวิตประจำวัน,1,ศ 1.1 ม.4-6/2,บรรยายจุดประสงค์และเนื้อหาของงาน ทัศนศิลป์ โดยใช้ศัพท์ทางทัศนศิลป์,ศ 1.1 ม.4-6/5,สร้างสรรค์งาน ทัศนศิลป์ด้วยเทคโนโลยีต่าง ๆ โดยเน้นหลักการออกแบบและ การจัดองค์ประกอบศิลป์
เลขกลุ่มสาระ,กลุ่มสาระการเรียนรู้ศิลปะ,1,ทัศนศิลป์,ศ 1,ศ 1.1,1.1 สร้างสรรค์งานทัศนศิลป์ตามจินตนาการ และความคิดสร้างสรรค์ วิเคราะห์ วิพากษ์วิจารณ์ คุณค่า งานทัศนศิลป์ ถ่ายทอดความรู้สึก ความคิดต่องานศิลปะอย่างอิสระ ชื่นชม และประยุกต์ใช้ ในชีวิตประจำวัน,1,ศ 1.1 ม.4-6/6,ออกแบบงานทัศนศิลป์ได้เหมาะกับโอกาส และสถานที่,ศ 1.1 ม.4-6/5,สร้างสรรค์งาน ทัศนศิลป์ด้วยเทคโนโลยีต่าง ๆ โดยเน้นหลักการออกแบบและ การจัดองค์ประกอบศิลป์
เลขกลุ่มสาระ,กลุ่มสาระการเรียนรู้ศิลปะ,1,ทัศนศิลป์,ศ 1,ศ 1.1,1.1 สร้างสรรค์งานทัศนศิลป์ตามจินตนาการ และความคิดสร้างสรรค์ วิเคราะห์ วิพากษ์วิจารณ์ คุณค่า งานทัศนศิลป์ ถ่ายทอดความรู้สึก ความคิดต่องานศิลปะอย่างอิสระ ชื่นชม และประยุกต์ใช้ ในชีวิตประจำวัน,2,ศ 1.1 ม.4-6/4,มีทักษะและเทคนิคในการใช้วัสดุอุปกรณ์และกระบวนการที่สูงขึ้นในการสร้างงานทัศนศิลป์,ศ 1.1 ม.4-6/8,ประเมินและ วิจารณ์งานทัศนศิลป์ โดยใช้ทฤษฎีการวิจารณ์ศิลปะ
เลขกลุ่มสาระ,กลุ่มสาระการเรียนรู้ศิลปะ,1,ทัศนศิลป์,ศ 1,ศ 1.1,1.1 สร้างสรรค์งานทัศนศิลป์ตามจินตนาการ และความคิดสร้างสรรค์ วิเคราะห์ วิพากษ์วิจารณ์ คุณค่า งานทัศนศิลป์ ถ่ายทอดความรู้สึก ความคิดต่องานศิลปะอย่างอิสระ ชื่นชม และประยุกต์ใช้ ในชีวิตประจำวัน,2,ศ 1.1 ม.4-6/9,จัดกลุ่มงานทัศนศิลป์ เพื่อสะท้อนพัฒนาการและความก้าวหน้าของตนเอง,ศ 1.1 ม.4-6/8,ประเมินและ วิจารณ์งานทัศนศิลป์ โดยใช้ทฤษฎีการวิจารณ์ศิลปะ
เลขกลุ่มสาระ,กลุ่มสาระการเรียนรู้ศิลปะ,1,ทัศนศิลป์,ศ 1,ศ 1.1,1.1 สร้างสรรค์งานทัศนศิลป์ตามจินตนาการ และความคิดสร้างสรรค์ วิเคราะห์ วิพากษ์วิจารณ์ คุณค่า งานทัศนศิลป์ ถ่ายทอดความรู้สึก ความคิดต่องานศิลปะอย่างอิสระ ชื่นชม และประยุกต์ใช้ ในชีวิตประจำวัน,2,ศ 1.1 ม.4-6/11,วาดภาพ ระบายสีเป็นภาพล้อเลียน หรือภาพการ์ตูนเพื่อแสดงความคิดเห็นเกี่ยวกับสภาพสังคม ในปัจจุบัน,ศ 1.1 ม.4-6/8,ประเมินและ วิจารณ์งานทัศนศิลป์ โดยใช้ทฤษฎีการวิจารณ์ศิลปะ
เลขกลุ่มสาระ,กลุ่มสาระการเรียนรู้ศิลปะ,1,ทัศนศิลป์,ศ 1,ศ 1.1,1.1 สร้างสรรค์งานทัศนศิลป์ตามจินตนาการ และความคิดสร้างสรรค์ วิเคราะห์ วิพากษ์วิจารณ์ คุณค่า งานทัศนศิลป์ ถ่ายทอดความรู้สึก ความคิดต่องานศิลปะอย่างอิสระ ชื่นชม และประยุกต์ใช้ ในชีวิตประจำวัน,3,ศ 1.1 ม.4-6/11,วิเคราะห์การเลือกใช้วัสดุอุปกรณ์และเทคนิคของศิลปินในการแสดงออกทางทัศนศิลป์,ศ 1.2 ม.4-6/10,สร้างสรรค์งาน ทัศนศิลป์ไทย สากล โดยศึกษาจาก แนวคิดและวิธีการสร้างงานของ ศิลปินที่ตนชื่นชอบ
เลขกลุ่มสาระ,กลุ่มสาระการเรียนรู้ศิลปะ,1,ทัศนศิลป์,ศ 1,ศ 1.2,1.2 เข้าใจความสัมพันธ์ระหว่างทัศนศิลป์ ประวัติศาสตร์ และวัฒนธรรม เห็นคุณค่างานทัศนศิลป์ ที่เป็นมรดกทางวัฒนธรรม ภูมิปัญญาท้องถิ่น ภูมิปัญญาไทย และสากล,3,ศ 1.2 ม.4-6/7,วิเคราะห์และอธิบายจุดมุ่งหมายของศิลปิน ในการเลือกใช้วัสดุ อุปกรณ์ เทคนิคและเนื้อหา เพื่อสร้างสรรค์งานทัศนศิลป์,ศ 1.2 ม.4-6/10,สร้างสรรค์งาน ทัศนศิลป์ไทย สากล โดยศึกษาจาก แนวคิดและวิธีการสร้างงานของ ศิลปินที่ตนชื่นชอบ
เลขกลุ่มสาระ,กลุ่มสาระการเรียนรู้ศิลปะ,1,ทัศนศิลป์,ศ 1,ศ 1.2,1.2 เข้าใจความสัมพันธ์ระหว่างทัศนศิลป์ ประวัติศาสตร์ และวัฒนธรรม เห็นคุณค่างานทัศนศิลป์ ที่เป็นมรดกทางวัฒนธรรม ภูมิปัญญาท้องถิ่น ภูมิปัญญาไทย และสากล,3,ศ 1.2 ม.4-6/2,ระบุงานทัศนศิลป์ของศิลปินที่มีชื่อเสียงและบรรยายผลตอบรับของสังคม,ศ 1.2 ม.4-6/10,สร้างสรรค์งาน ทัศนศิลป์ไทย สากล โดยศึกษาจาก แนวคิดและวิธีการสร้างงานของ ศิลปินที่ตนชื่นชอบ
เลขกลุ่มสาระ,กลุ่มสาระการเรียนรู้ศิลปะ,1,ทัศนศิลป์,ศ 1,ศ 1.2,1.2 เข้าใจความสัมพันธ์ระหว่างทัศนศิลป์ ประวัติศาสตร์ และวัฒนธรรม เห็นคุณค่างานทัศนศิลป์ ที่เป็นมรดกทางวัฒนธรรม ภูมิปัญญาท้องถิ่น ภูมิปัญญาไทย และสากล,4,ศ 1.2 ม.4-6/3,อภิปรายเกี่ยวกับอิทธิพลของวัฒนธรรมระหว่างประเทศที่มีผลต่องานทัศนศิลป์ในสังคม,ศ 1.2 ม.4-6/1,วิเคราะห์ และ เปรียบเทียบงานทัศนศิลป์ ในรูปแบบตะวันออกและรูปแบบ ตะวันตก
เลขกลุ่มสาระ,กลุ่มสาระการเรียนรู้ศิลปะ,2,ดนตรี,ศ 2,ศ 2.1,2.1 เข้าใจและแสดงออกทางดนตรีอย่างสร้างสรรค์ วิเคราะห์ วิพากษ์วิจารณ์ คุณค่าดนตรี ถ่ายทอดความรู้สึก ความคิดต่อดนตรีอย่างอิสระ ชื่นชม และประยุกต์ใช้ในชีวิตประจำวัน,5,ศ 2.1 ม.4-6/1,เปรียบเทียบรูปแบบของบทเพลงและวงดนตรีแต่ละประเภท,ศ 2.1 ม.4-6/3,อธิบายเหตุผล ที่คนต่างวัฒนธรรม สร้างสรรค์งานดนตรีแตกต่างกัน
เลขกลุ่มสาระ,กลุ่มสาระการเรียนรู้ศิลปะ,2,ดนตรี,ศ 2,ศ 2.1,2.1 เข้าใจและแสดงออกทางดนตรีอย่างสร้างสรรค์ วิเคราะห์ วิพากษ์วิจารณ์ คุณค่าดนตรี ถ่ายทอดความรู้สึก ความคิดต่อดนตรีอย่างอิสระ ชื่นชม และประยุกต์ใช้ในชีวิตประจำวัน,5,ศ 2.1 ม.4-6/2,จําแนกประเภทและรูปแบบของวงดนตรีทั้งไทยและสากล,ศ 2.1 ม.4-6/3,อธิบายเหตุผล ที่คนต่างวัฒนธรรม สร้างสรรค์งานดนตรีแตกต่างกัน
เลขกลุ่มสาระ,กลุ่มสาระการเรียนรู้ศิลปะ,2,ดนตรี,ศ 2,ศ 2.1,2.1 เข้าใจและแสดงออกทางดนตรีอย่างสร้างสรรค์ วิเคราะห์ วิพากษ์วิจารณ์ คุณค่าดนตรี ถ่ายทอดความรู้สึก ความคิดต่อดนตรีอย่างอิสระ ชื่นชม และประยุกต์ใช้ในชีวิตประจำวัน,5,ศ 2.1 ม.4-6/7,เปรียบเทียบอารมณ์และความรู้สึกที่ได้รับจากงานดนตรีที่มาจากวัฒนธรรมต่างกัน,ศ 2.1 ม.4-6/3,อธิบายเหตุผล ที่คนต่างวัฒนธรรม สร้างสรรค์งานดนตรีแตกต่างกัน
เลขกลุ่มสาระ,กลุ่มสาระการเรียนรู้ศิลปะ,2,ดนตรี,ศ 2,ศ 2.1,2.1 เข้าใจและแสดงออกทางดนตรีอย่างสร้างสรรค์ วิเคราะห์ วิพากษ์วิจารณ์ คุณค่าดนตรี ถ่ายทอดความรู้สึก ความคิดต่อดนตรีอย่างอิสระ ชื่นชม และประยุกต์ใช้ในชีวิตประจำวัน,6,ศ 2.1 ม.4-6/4,อ่าน เขียน โน้ตดนตรีไทยและสากล ในอัตราจังหวะต่าง ๆ,ศ 2.1 ม.4-6/5,ร้องเพลง หรือเล่นดนตรีเดี่ยวและ รวมวง โดยเน้นเทคนิคการแสดงออก และคุณภาพของการแสดง
เลขกลุ่มสาระ,กลุ่มสาระการเรียนรู้ศิลปะ,2,ดนตรี,ศ 2,ศ 2.1,2.1 เข้าใจและแสดงออกทางดนตรีอย่างสร้างสรรค์ วิเคราะห์ วิพากษ์วิจารณ์ คุณค่าดนตรี ถ่ายทอดความรู้สึก ความคิดต่อดนตรีอย่างอิสระ ชื่นชม และประยุกต์ใช้ในชีวิตประจำวัน,6,ศ 2.1 ม.4-6/6,สร้างเกณฑ์สําหรับประเมินคุณภาพการประพันธ์และการเล่นดนตรีของตนเองและผู้อื่นได้อย่างเหมาะสม,ศ 2.1 ม.4-6/5,ร้องเพลง หรือเล่นดนตรีเดี่ยวและ รวมวง โดยเน้นเทคนิคการแสดงออก และคุณภาพของการแสดง
เลขกลุ่มสาระ,กลุ่มสาระการเรียนรู้ศิลปะ,2,ดนตรี,ศ 2,ศ 2.1,2.1 เข้าใจและแสดงออกทางดนตรีอย่างสร้างสรรค์ วิเคราะห์ วิพากษ์วิจารณ์ คุณค่าดนตรี ถ่ายทอดความรู้สึก ความคิดต่อดนตรีอย่างอิสระ ชื่นชม และประยุกต์ใช้ในชีวิตประจำวัน,6,ศ 2.1 ม.4-6/8,นําดนตรีไปประยุกต์ใช้ในงานอื่น ๆ,ศ 2.1 ม.4-6/5,ร้องเพลง หรือเล่นดนตรีเดี่ยวและ รวมวง โดยเน้นเทคนิคการแสดงออก และคุณภาพของการแสดง
เลขกลุ่มสาระ,กลุ่มสาระการเรียนรู้ศิลปะ,2,ดนตรี,ศ 2,ศ 2.2,2.2 เข้าใจความสัมพันธ์ระหว่างดนตรี ประวัติศาสตร์ และวัฒนธรรม เห็นคุณค่าของดนตรีที่เป็น มรดกทางวัฒนธรรม ภูมิปัญญาท้องถิ่น ภูมิปัญญาไทยและสากล,7,ศ 2.2 ม.4-6/1,วิเคราะห์รูปแบบของดนตรีไทย และดนตรี สากลในยุคสมัยต่าง ๆ,ศ 2.2 ม.4-6/3,เปรียบเทียบลักษณะ เด่นของดนตรีในวัฒนธรรมต่าง ๆ
เลขกลุ่มสาระ,กลุ่มสาระการเรียนรู้ศิลปะ,2,ดนตรี,ศ 2,ศ 2.2,2.2 เข้าใจความสัมพันธ์ระหว่างดนตรี ประวัติศาสตร์ และวัฒนธรรม เห็นคุณค่าของดนตรีที่เป็น มรดกทางวัฒนธรรม ภูมิปัญญาท้องถิ่น ภูมิปัญญาไทยและสากล,7,ศ 2.2 ม.4-6/2,วิเคราะห์สถานะทางสังคม ของนักดนตรี ในวัฒนธรรมต่าง ๆ,ศ 2.2 ม.4-6/3,เปรียบเทียบลักษณะ เด่นของดนตรีในวัฒนธรรมต่าง ๆ
เลขกลุ่มสาระ,กลุ่มสาระการเรียนรู้ศิลปะ,2,ดนตรี,ศ 2,ศ 2.2,2.2 เข้าใจความสัมพันธ์ระหว่างดนตรี ประวัติศาสตร์ และวัฒนธรรม เห็นคุณค่าของดนตรีที่เป็น มรดกทางวัฒนธรรม ภูมิปัญญาท้องถิ่น ภูมิปัญญาไทยและสากล,8,ศ 2.2 ม.4-6/4,อธิบายบทบาทของดนตรีในการสะท้อน แนวความคิด และค่านิยมที่เปลี่ยนไปของคนในสังคม,ศ 2.2 ม.4-6/5,นําเสนอแนวทางในการส่งเสริมและอนุรักษ์ดนตรีในฐานะมรดกของชาติ
เลขกลุ่มสาระ,กลุ่มสาระการเรียนรู้ศิลปะ,3,นาฏศิลป์,ศ 3,ศ 3.1,3.1 เข้าใจและแสดงออกทางนาฏศิลป์อย่างสร้างสรรค์ วิเคราะห์ วิพากษ์วิจารณ์ คุณค่านาฏศิลป์ ถ่ายทอดความรู้สึก ความคิดอย่างอิสระ ชื่นชม และประยุกต์ใช้ในชีวิตประจำวัน,9,ศ 3.1 ม.4-6/1,มีทักษะในการแสดงหลากหลายรูปแบบ,ศ 3.1 ม.4-6/3,ใช้ความคิดริเริ่มในการแสดงนาฏศิลป์เป็นคู่ และหมู่
เลขกลุ่มสาระ,กลุ่มสาระการเรียนรู้ศิลปะ,3,นาฏศิลป์,ศ 3,ศ 3.1,3.1 เข้าใจและแสดงออกทางนาฏศิลป์อย่างสร้างสรรค์ วิเคราะห์ วิพากษ์วิจารณ์ คุณค่านาฏศิลป์ ถ่ายทอดความรู้สึก ความคิดอย่างอิสระ ชื่นชม และประยุกต์ใช้ในชีวิตประจำวัน,9,ศ 3.1 ม.4-6/2,สร้างสรรค์ละครสั้นในรูปแบบที่ชื่นชอบ,ศ 3.1 ม.4-6/3,ใช้ความคิดริเริ่มในการแสดงนาฏศิลป์เป็นคู่ และหมู่
เลขกลุ่มสาระ,กลุ่มสาระการเรียนรู้ศิลปะ,3,นาฏศิลป์,ศ 3,ศ 3.1,3.1 เข้าใจและแสดงออกทางนาฏศิลป์อย่างสร้างสรรค์ วิเคราะห์ วิพากษ์วิจารณ์ คุณค่านาฏศิลป์ ถ่ายทอดความรู้สึก ความคิดอย่างอิสระ ชื่นชม และประยุกต์ใช้ในชีวิตประจำวัน,10,ศ 3.1 ม.4-6/4,วิจารณ์การแสดงตามหลักนาฏศิลป์และการละคร,ศ 3.1 ม.4-6/5,วิเคราะห์แก่นของการแสดงนาฏศิลป์และการละครที่ต้องการสื่อความหมายในการแสดง
เลขกลุ่มสาระ,กลุ่มสาระการเรียนรู้ศิลปะ,3,นาฏศิลป์,ศ 3,ศ 3.1,3.1 เข้าใจและแสดงออกทางนาฏศิลป์อย่างสร้างสรรค์ วิเคราะห์ วิพากษ์วิจารณ์ คุณค่านาฏศิลป์ ถ่ายทอดความรู้สึก ความคิดอย่างอิสระ ชื่นชม และประยุกต์ใช้ในชีวิตประจำวัน,10,ศ 3.1 ม.4-6/8,วิเคราะห์ท่าทาง และการเคลื่อนไหวของ ผู้คนในชีวิตประจําวันและนํามาประยุกต์ใช้ในการแสดง,ศ 3.1 ม.4-6/5,วิเคราะห์แก่นของการแสดงนาฏศิลป์และการละครที่ต้องการสื่อความหมายในการแสดง
เลขกลุ่มสาระ,กลุ่มสาระการเรียนรู้ศิลปะ,3,นาฏศิลป์,ศ 3,ศ 3.1,3.1 เข้าใจและแสดงออกทางนาฏศิลป์อย่างสร้างสรรค์ วิเคราะห์ วิพากษ์วิจารณ์ คุณค่านาฏศิลป์ ถ่ายทอดความรู้สึก ความคิดอย่างอิสระ ชื่นชม และประยุกต์ใช้ในชีวิตประจำวัน,11,ศ 3.1 ม.4-6/7,พัฒนาและใช้เกณฑ์การประเมินในการประเมินการแสดง,ศ 3.1 ม.4-6/6,บรรยาย และ วิเคราะห์ อิทธิพลของเครื่องแต่ง กาย แสง สี เสียง ฉากอุปกรณ์ และสถานที่ที่มีผลต่อการแสดง
เลขกลุ่มสาระ,กลุ่มสาระการเรียนรู้ศิลปะ,3,นาฏศิลป์,ศ 3,ศ 3.2,3.2 เข้าใจความสัมพันธ์ระหว่างนาฏศิลป์ ประวัติศาสตร์ และวัฒนธรรม เห็นคุณค่าของนาฏศิลป์ ที่เป็นมรดกทางวัฒนธรรม ภูมิปัญญาท้องถิ่น ภูมิปัญญาไทยและสากล,12,ศ 3.2 ม.4-6/1,เปรียบเทียบการนําการแสดงไปใช้ในโอกาส ต่าง ๆ,ศ 3.2 ม.4-6/4,นําเสนอแนวคิด ในการอนุรักษ์ นาฏศิลป์ไทย
เลขกลุ่มสาระ,กลุ่มสาระการเรียนรู้ศิลปะ,3,นาฏศิลป์,ศ 3,ศ 3.2,3.2 เข้าใจความสัมพันธ์ระหว่างนาฏศิลป์ ประวัติศาสตร์ และวัฒนธรรม เห็นคุณค่าของนาฏศิลป์ ที่เป็นมรดกทางวัฒนธรรม ภูมิปัญญาท้องถิ่น ภูมิปัญญาไทยและสากล,12,ศ 3.2 ม.4-6/2,อภิปรายบทบาทของบุคคลสําคัญในวงการ นาฏศิลป์และ การละครของประเทศไทยในยุคสมัยต่าง ๆ,ศ 3.2 ม.4-6/3,บรรยาย วิวัฒนาการของนาฏศิลป์และ การละครไทย ตั้งแต่อดีตจนถึง ปัจจุบัน